suite,task_id,task_instruction,runtime,initial_state_index,seed,success,environment_steps,wall_clock_episode_seconds,inference_requests_per_second,inference_calls,depletion_safe_hold_steps,hold_steps,inference_latency_p50_seconds,inference_latency_p95_seconds,delivery_latency_p50_seconds,delivery_latency_p95_seconds,queue_age_p50_steps,queue_age_p95_steps,queue_depth_p50_steps,queue_depth_p95_steps,observations_superseded,dropped_prefix_steps,responses_scheduled,responses_delivered,responses_rejected_out_of_order,fallback_activations,inference_errors,inference_timeouts,peak_cuda_memory_mib,trace_sha256,telemetry_jsonl_sha256,video_sha256
libero_goal,2,put the wine bottle on top of the cabinet,actionstream_backend_aligned,10,2026102410,False,300,16.376366700045764,0.9159540864432452,15,140,166,0.11115929903462529,0.21606087926775214,1.0713156666606665,1.1829599789343774,25.0,30.0,0.0,15.050000000000011,285,282,0,0,0,0,0,0,3520.8251953125,fe7c3552b48985dd749e1e3779599b71e3c0a03cb1dcccd83451e929e6694531,2c27ce0a62bb1fa54c41225a7055f4b64c975f5bf4685c6f454f7258753bb2b9,8eaa6c107d1429e1741c9456bf64b717a51db8df943516ae8aef4e724fde4e96
libero_goal,2,put the wine bottle on top of the cabinet,actionstream_backend_pipelined_aligned,10,2026102410,True,93,5.71622980479151,9.62172653623852,55,0,0,0.07128626713529229,0.10877765077166254,1.0285092445556074,1.0674517337698488,21.0,24.0,9.0,25.39999999999999,38,848,54,42,0,0,0,0,3520.8251953125,322cddef41635053462db1d99453bcbb606b43ab3b0fdbd602ed5a83b2e9eead,d0181e1ae530c4d496ae50ad1663fd3bcf2a46b59bbf2f786437129f19c2b96e,eacc4a28bcf49174c01b894688c0ce32746118d516b653f2f2e51463c3756608
libero_goal,2,put the wine bottle on top of the cabinet,actionstream_backend_aligned,11,2026102411,False,300,16.572155887261033,0.9051326877470695,15,147,173,0.12267053499817848,0.23058337951079005,1.0861109038814902,1.1992985201999544,25.0,29.0,0.0,15.050000000000011,285,289,0,0,0,0,0,0,3520.8251953125,153309def0252cdb6bec08d72ba3c2320d2959487f9207b39807ef81ab0a8fda,470a9b40774af91afd5843e0e8d4a0896871eb7859a1e4d5668315054f0895aa,
libero_goal,2,put the wine bottle on top of the cabinet,actionstream_backend_pipelined_aligned,11,2026102411,True,84,5.261627115309238,9.502763860730443,50,0,0,0.07054797001183033,0.11730613885447368,1.0273738540709019,1.078150367271155,21.0,24.0,9.0,25.849999999999994,34,749,49,37,0,0,0,0,3520.8251953125,e72e86f042a11b253574f6320e1c301386f5b603ebe24e7cc1e785ce671793d0,5e23690009fbf86707e479a5f1c6f7cdd393e6cf220d255a5080ed5cf9d24abc,
libero_goal,2,put the wine bottle on top of the cabinet,actionstream_backend_aligned,12,2026102412,True,116,7.567804981954396,0.9249709812411472,7,46,54,0.10720636043697596,0.16749736620113248,1.0714390142820776,1.1315718646161257,23.5,29.0,1.5,24.25,108,109,0,0,0,0,0,0,3520.8251953125,cf75163ba579253de157163cb84866310d8b204ade5abdf3c5f66923d48cf1f3,c58f0bb91664b7ec8602aeacdbe2763ce8db5a1a1ad4611caebe1d9956a74fa8,
libero_goal,2,put the wine bottle on top of the cabinet,actionstream_backend_pipelined_aligned,12,2026102412,True,97,5.927894036285579,9.446862521026038,56,0,0,0.07222416484728456,0.13023439045064147,1.0285898707807064,1.0926496162544936,21.0,24.0,9.0,25.19999999999999,41,871,55,43,0,0,0,0,3520.8251953125,8203e61395c61e5ea0518a5b86389793c9ccdbbb30c52f03cf1c3f994a9d5c01,d8d839ad5b5aa94e5e87477b171302b22697a98f7791119d6640a119512dd963,
libero_goal,2,put the wine bottle on top of the cabinet,actionstream_backend_aligned,13,2026102413,True,134,8.663163502234966,0.9234501920616089,8,56,66,0.11308113997802138,0.12926413503009826,1.0742440230678767,1.0887935753678903,23.0,29.0,1.0,23.349999999999994,125,129,0,0,0,0,0,0,3520.8251953125,3882baef7089d0c6e1ef31ac29a1270357c019832b0fb0811639e2c4398d2259,09a136ef7ccb75e4511cafc56faf4c6ad4b591c4625e3c63b565bf520f884768,
libero_goal,2,put the wine bottle on top of the cabinet,actionstream_backend_pipelined_aligned,13,2026102413,True,102,6.1388800092972815,10.099562119816893,62,0,0,0.07417375268414617,0.10286767818033693,1.0312493788078427,1.0632079424336554,21.0,23.0,9.0,24.94999999999999,39,991,61,49,0,0,0,0,3520.8251953125,f965f5cd54b0c9b705df6703f273b81cbdbbef4fd32b224ca66d08aae9918cb5,f00076230dfa523a873e8f2091d8a9d00d1a2f53ba2be64f377df056115420b3,
libero_goal,2,put the wine bottle on top of the cabinet,actionstream_backend_aligned,14,2026102414,False,300,16.63102402864024,0.9019288273631583,15,149,173,0.13245677715167403,0.20792310903780153,1.0924737439490855,1.1734442071057856,25.0,29.0,0.0,15.050000000000011,285,289,0,0,0,0,0,0,3520.8251953125,935abdcabefe04c6a8426c730a60f52b8e35357155b2029ed24db3075b4463b8,0f9cbe956e9e9cd3327575eaad3370b8a697220dce1cce51850442f27b759e1e,
libero_goal,2,put the wine bottle on top of the cabinet,actionstream_backend_pipelined_aligned,14,2026102414,True,85,5.341992394067347,9.54699974051611,51,0,0,0.07263575028628111,0.1070400648517534,1.0303771567996591,1.0667246080935,21.0,23.0,9.0,25.799999999999997,34,767,50,38,0,0,0,0,3520.8251953125,934d48d394fdb40e2116cbdc221d8507aa1c4e287a2511c1d1d46e656a83f236,f375603911e3934a4a1335df94440a252a5f1e1821032565014664179615f954,
libero_object,5,pick up the tomato sauce and place it in the basket,actionstream_backend_aligned,10,2026102210,True,159,9.606922747101635,0.9368244376395407,9,63,76,0.10566044971346855,0.11055694855749607,1.0683908858336508,1.0710409033112227,24.0,29.0,1.0,22.099999999999994,149,149,0,0,0,0,0,0,3520.8251953125,8ff208e7efd56e5e6ae14d3b602e48c0d2d891deebf05dabe7ec43f4377b4c01,70bc5df881dfcb45b7c8c4b5b4e105c944fe8046c3b05175039374835d190214,fa1be9745023ba13f811ef8dfa4a6afaad5e8899dfaf17884bdd48235a217ae4
libero_object,5,pick up the tomato sauce and place it in the basket,actionstream_backend_pipelined_aligned,10,2026102210,True,130,7.593349156435579,11.062312330101088,84,0,0,0.06944354972802103,0.08815698460675771,1.026166090508923,1.0477188203018157,21.0,22.0,9.0,23.549999999999997,46,1421,83,70,0,0,0,0,3520.8251953125,6a81d780805982a40a5e134e3182aa248a3644fa25c3605c5d46efd6d8d2ffd0,203a297dd5d6b91973f4bec5d7dd838224ce5f113a6512bca32c662e3079d2e8,4f832e815f40490b8bc8fea3636fdafe8fe969e2fa8e42197c3504d5cf4d5834
libero_object,5,pick up the tomato sauce and place it in the basket,actionstream_backend_aligned,11,2026102211,True,163,9.996002917177975,0.9003598813015191,9,75,87,0.12594810500741005,0.2524487280286848,1.0894142179749906,1.2176367795094847,24.0,29.0,0.0,21.900000000000006,153,157,0,0,0,0,0,0,3520.8251953125,1bf52998ac7717d578603e699b71a3a457b78a5d2cbe86ee20726466280e7de0,73e16b9d9e4660ec5f30ac39b9e82064771e0987b7f54ee2170462a9bd24c251,
libero_object,5,pick up the tomato sauce and place it in the basket,actionstream_backend_pipelined_aligned,11,2026102211,True,127,7.428524134680629,10.634683090168949,79,0,0,0.06882789824157953,0.09795398162677883,1.025635383091867,1.0575944410637022,21.0,24.69999999999999,9.0,23.69999999999999,48,1322,78,65,0,0,0,0,3520.8251953125,61cfb8f12e2df0826ad1d2c0d5557e3942066415edb3c1c3e6bf2877c9f4ed7a,d900d6b211fbc3b56c644417f5f69a8762031ec0aaafe19e7fd22c225f6b40a5,
libero_object,5,pick up the tomato sauce and place it in the basket,actionstream_backend_aligned,12,2026102212,True,172,10.236676029860973,0.8791916412853628,9,83,97,0.15849635703489184,0.246779403463006,1.1220800150185823,1.2133215272799134,25.0,29.0,0.0,21.44999999999999,162,161,0,0,0,0,0,0,3520.8251953125,c13cc69a4ff774e4901671d30fe91d314550789e3d890420ca05bb56611dc791,5455a7b11114128531115245e83907862bd177b701bb00f7187de45810e223aa,
libero_object,5,pick up the tomato sauce and place it in the basket,actionstream_backend_pipelined_aligned,12,2026102212,True,132,7.6772955558262765,10.02957349239537,77,0,0,0.07450150209479034,0.11729367645457386,1.0324382383842021,1.0809585875831544,21.0,23.0,9.0,23.44999999999999,55,1306,76,64,0,0,0,0,3520.8251953125,90592ca2e36c93f9fe147c53fdcbc11de49b6e62d93cb4ac09cf71dfd5830820,f833753453b266736c6275a4677f400e861e9820c4e4aa106712d7983cb224fa,
libero_object,5,pick up the tomato sauce and place it in the basket,actionstream_backend_aligned,13,2026102213,True,141,8.802733426913619,0.9088086179618562,8,61,71,0.13370200875215232,0.16917131461668758,1.0959107163362205,1.1328182667260989,24.0,29.0,0.0,23.0,132,133,0,0,0,0,0,0,3520.8251953125,e8778e4a6b9e6328291f80ee95895a97429c065cd1946e7030cdb28267fe962c,475f24523c6ba7a534271b85d34d0f5d2e20415000753c9b198773701bbb8648,
libero_object,5,pick up the tomato sauce and place it in the basket,actionstream_backend_pipelined_aligned,13,2026102213,False,300,16.06476164376363,11.51588825918356,185,0,0,0.07224914850667119,0.08264906690455971,1.0304555280599743,1.039759519859217,21.0,22.0,9.0,15.050000000000011,115,3520,184,172,0,0,0,0,3520.8251953125,e94e7ecfb47edf568b063857e83b8ac7cac49c0c479fd1b2ee11a75c07fab1b8,eef1f6e03de6f33f672b98d1065dfcc491de2a8aae77485c785224cda08cb19a,
libero_object,5,pick up the tomato sauce and place it in the basket,actionstream_backend_aligned,14,2026102214,True,169,10.053771326784045,0.89518646361324,9,77,91,0.14038405800238252,0.22188859740272163,1.1047903471626341,1.1861986994743348,24.0,29.0,0.0,21.599999999999994,159,158,0,0,0,0,0,0,3520.8251953125,b9fc66e61479597bda038ce79cd4950072cd50aa59a93b103a759f27cda2cfdd,66cfe92823d28c2ed6c0ae7df05f765a991b77205603c169eb38720130b33ba6,
libero_object,5,pick up the tomato sauce and place it in the basket,actionstream_backend_pipelined_aligned,14,2026102214,False,300,16.034285499248654,11.600142707245404,186,0,0,0.07146890601143241,0.08625098699703813,1.0285286069847643,1.043690261617303,21.0,22.0,9.0,15.050000000000011,114,3533,185,173,0,0,0,0,3520.8251953125,fa9c3dd95aa3694662e286257737eeed9da84ac5d532da1c634364ecdf5531fd,26c3dda1027c3b8d3f1fe21de537cd980d2c9d5981cbd740e3b96355c4ba44e2,
libero_spatial,7,pick up the black bowl on the stove and place it on the plate,actionstream_backend_aligned,10,2026102310,False,300,16.199929494876415,0.925929955728763,15,141,167,0.10937538789585233,0.1426507912576198,1.0715346322394907,1.1040762034710496,25.0,29.0,0.0,15.050000000000011,285,281,0,0,0,0,0,0,3520.8251953125,1b792a8c0b7a5db0a3ad0c10c81ef4123b42c224e72365c8931c32600ef6fee1,684d167a51a05daa7aeb29e14d46577d415243fe7294517f418a26c078e4d92f,b3813a0f8902769cc26aec19ec3d60f240a1b8f12545d20b4faf84185a660ca0
libero_spatial,7,pick up the black bowl on the stove and place it on the plate,actionstream_backend_pipelined_aligned,10,2026102310,True,123,7.199094749055803,10.69578921851236,77,0,0,0.06906796898692846,0.08911980865523218,1.0263543748296797,1.0464259910397231,21.0,23.89999999999999,9.0,23.89999999999999,46,1279,76,63,0,0,0,0,3520.8251953125,eda5bd56710087a03dbec1110c433695f1a34e330758958b18a4dcc404335dd0,b2400f015d4e611afce910adf45fc575ff4d19a816b9c974dd53931639254b5d,1ef792ea122dcc1f92367091169a314fa40546b9ba19774c7577aa2a5ac95fcf
libero_spatial,7,pick up the black bowl on the stove and place it on the plate,actionstream_backend_aligned,11,2026102311,True,175,9.997723198030144,0.9002049588423566,9,81,95,0.11036610789597034,0.2582913942635059,1.0707330899313092,1.2267430545762181,24.0,29.0,0.0,21.299999999999983,165,157,0,0,0,0,0,0,3520.8251953125,e2cfe0f5ad48fc1d4ec02dd4082083922eb3e3437197054e33477060872b1e32,43fe38e287dbabec38b7bf556e0e99cd8168c458c9ed5b3627f72acb46aaa828,
libero_spatial,7,pick up the black bowl on the stove and place it on the plate,actionstream_backend_pipelined_aligned,11,2026102311,True,133,7.664922882802784,10.959014367706756,84,0,0,0.07110818894580007,0.0770654771476984,1.0276228869333863,1.0368224845733494,21.0,22.0,9.0,23.39999999999999,48,1439,83,71,0,0,0,0,3520.8251953125,cb08c9b695e510f9edca72d955ae5f067341cda21dfd22fe8f87ac3548de2029,03162bcf6aecbcc0e9fc65001eeb55ff08a1f20b476408623118bacde7bf6cc9,
libero_spatial,7,pick up the black bowl on the stove and place it on the plate,actionstream_backend_aligned,12,2026102312,True,143,8.934888755902648,0.8953664918004678,8,64,74,0.1229145925026387,0.2561013410799205,1.0842058691196144,1.22412794213742,24.0,29.0,0.0,22.900000000000006,134,136,0,0,0,0,0,0,3520.8251953125,e6286b66a053e10da6b70c37cabec8250d78025263db48d9d54e1f4afbde6898,e10046491298f14b9d4f15dd42cfa9cabcf059ddfc3d85a768231b4a92120bc1,
libero_spatial,7,pick up the black bowl on the stove and place it on the plate,actionstream_backend_pipelined_aligned,12,2026102312,True,118,6.939195406157523,10.231733773774097,71,0,0,0.07012496143579483,0.09574622418731449,1.0274324051570147,1.0559585483511909,21.0,24.0,9.0,24.14999999999999,46,1174,70,58,0,0,0,0,3520.8251953125,62a9a1b74b2636af8b6295ea5a5b3298d4fdb8c8ddc9293f3fa914d12bf07134,305ce3aecf9ff0aaf3b583512c5b0e69d224dfe948b50a75c600f4cfbcbd1d05,
libero_spatial,7,pick up the black bowl on the stove and place it on the plate,actionstream_backend_aligned,13,2026102313,False,300,16.835460277739912,0.890976531234683,15,154,178,0.14494373183697462,0.23847189908847208,1.1063760742545128,1.2040202567353844,25.0,29.0,0.0,15.050000000000011,285,293,0,0,0,0,0,0,3520.8251953125,0ea824b3c0eb97b8beadc84aa9a0439c14d2719bf1c39da771b4e08ce5b2af18,16e4ea5a946b1098fab7c255cabac939dd5701cfb9f13ad33e803d6a9b38de9f,
libero_spatial,7,pick up the black bowl on the stove and place it on the plate,actionstream_backend_pipelined_aligned,13,2026102313,True,127,7.3832652061246336,10.022665844187047,74,0,0,0.07236928213387728,0.104175821878016,1.029751569032669,1.0665920139290392,21.0,24.0,9.0,23.69999999999999,52,1240,73,61,0,0,0,0,3520.8251953125,d0fe499f8fe07e390a1ec8b3f9ad2235dd4490323457a7b9a3a082d14b94c9c5,2d35d19aee0f4a4086170424ee04f8e2f71970b9160966a95972cf95478a4adc,
libero_spatial,7,pick up the black bowl on the stove and place it on the plate,actionstream_backend_aligned,14,2026102314,True,148,9.152656598947942,0.874063165542512,8,70,80,0.16231497656553984,0.253719702293165,1.1253304968122393,1.2216045175911858,25.0,30.0,0.0,22.650000000000006,139,139,0,0,0,0,0,0,3520.8251953125,8374dbc932df354d49ba4ffacd87d1b2f66d6b0d98fe082d01469e0998f7677a,4c8cd0beb9126307bba15b3647458467fb80ad202eebfbeaf3056553f62eb9ce,
libero_spatial,7,pick up the black bowl on the stove and place it on the plate,actionstream_backend_pipelined_aligned,14,2026102314,True,118,6.923700063023716,10.110201100974558,70,0,0,0.07018162263557315,0.09697167817503209,1.026661077979952,1.0575613329187035,21.0,24.0,9.0,24.14999999999999,47,1163,69,57,0,0,0,0,3520.8251953125,34d33dd9252ee25e61d150ab5c65ca163fc6c6960b0f0bcdefbf1e0344b3535a,8fe507f061eed4841bc88e8b6c53e308774ab8b912d5aad95ac4b2cb81fd456a,
