ci95_high,ci95_low,delay_profile,estimate_mean,estimate_runtime,metric,model,paired_episode_count,paired_mean_difference,paired_relative_difference_percent,reference_mean,reference_runtime,split
0.0,0.0,burst_0250_to1800_canary,0.0,lerobot_rtc,success,smolvla,1,0.0,,0.0,lerobot_latest_only,canary
0.0,0.0,burst_0250_to1800_canary,300.0,lerobot_rtc,environment_steps,smolvla,1,0.0,0.0,300.0,lerobot_latest_only,canary
0.0,0.0,burst_0250_to1800_canary,0.0,sync_hold,success,smolvla,1,0.0,,0.0,lerobot_latest_only,canary
0.0,0.0,burst_0250_to1800_canary,300.0,sync_hold,environment_steps,smolvla,1,0.0,0.0,300.0,lerobot_latest_only,canary
-1.0,-1.0,fixed_0000,0.0,lerobot_rtc,success,smolvla,1,-1.0,-100.0,1.0,lerobot_latest_only,canary
178.0,178.0,fixed_0000,300.0,lerobot_rtc,environment_steps,smolvla,1,178.0,145.9016393442623,122.0,lerobot_latest_only,canary
-1.0,-1.0,fixed_0000,0.0,sync_hold,success,smolvla,1,-1.0,-100.0,1.0,lerobot_latest_only,canary
178.0,178.0,fixed_0000,300.0,sync_hold,environment_steps,smolvla,1,178.0,145.9016393442623,122.0,lerobot_latest_only,canary
0.0,0.0,fixed_0950,0.0,lerobot_rtc,success,smolvla,1,0.0,,0.0,lerobot_latest_only,canary
0.0,0.0,fixed_0950,300.0,lerobot_rtc,environment_steps,smolvla,1,0.0,0.0,300.0,lerobot_latest_only,canary
0.0,0.0,fixed_0950,0.0,sync_hold,success,smolvla,1,0.0,,0.0,lerobot_latest_only,canary
0.0,0.0,fixed_0950,300.0,sync_hold,environment_steps,smolvla,1,0.0,0.0,300.0,lerobot_latest_only,canary
0.0,0.0,burst_0250_to1800_canary,1.0,actionstream_backend_aligned,success,xvla,3,0.0,0.0,1.0,lerobot_latest_only,canary
0.0,-27.0,burst_0250_to1800_canary,159.33333333333334,actionstream_backend_aligned,environment_steps,xvla,3,-13.0,-7.3947203016970455,172.33333333333334,lerobot_latest_only,canary
0.0,-1.0,burst_0250_to1800_canary,0.6666666666666666,actionstream_backend_guarded,success,xvla,3,-0.3333333333333333,-33.33333333333333,1.0,lerobot_latest_only,canary
115.0,-16.0,burst_0250_to1800_canary,223.0,actionstream_backend_guarded,environment_steps,xvla,3,50.666666666666664,28.661612193588937,172.33333333333334,lerobot_latest_only,canary
0.0,-1.0,burst_0250_to1800_canary,0.6666666666666666,lerobot_weighted_average,success,xvla,3,-0.3333333333333333,-33.33333333333333,1.0,lerobot_latest_only,canary
140.0,-62.0,burst_0250_to1800_canary,196.33333333333334,lerobot_weighted_average,environment_steps,xvla,3,24.0,16.070081709616595,172.33333333333334,lerobot_latest_only,canary
0.0,0.0,burst_0250_to1800_canary,1.0,sync_hold,success,xvla,3,0.0,0.0,1.0,lerobot_latest_only,canary
-44.0,-74.0,burst_0250_to1800_canary,115.66666666666667,sync_hold,environment_steps,xvla,3,-56.666666666666664,-32.87712130735387,172.33333333333334,lerobot_latest_only,canary
0.0,0.0,fixed_0000,1.0,actionstream_backend_aligned,success,xvla,3,0.0,0.0,1.0,lerobot_latest_only,canary
89.0,26.0,fixed_0000,169.33333333333334,actionstream_backend_aligned,environment_steps,xvla,3,51.0,41.2757171239512,118.33333333333333,lerobot_latest_only,canary
0.0,0.0,fixed_0000,1.0,actionstream_backend_guarded,success,xvla,3,0.0,0.0,1.0,lerobot_latest_only,canary
69.0,30.0,fixed_0000,162.0,actionstream_backend_guarded,environment_steps,xvla,3,43.666666666666664,35.9540580923764,118.33333333333333,lerobot_latest_only,canary
0.0,0.0,fixed_0000,1.0,lerobot_weighted_average,success,xvla,3,0.0,0.0,1.0,lerobot_latest_only,canary
5.0,0.0,fixed_0000,120.0,lerobot_weighted_average,environment_steps,xvla,3,1.6666666666666667,1.3888888888888888,118.33333333333333,lerobot_latest_only,canary
0.0,0.0,fixed_0000,1.0,sync_hold,success,xvla,3,0.0,0.0,1.0,lerobot_latest_only,canary
-1.0,-4.0,fixed_0000,115.66666666666667,sync_hold,environment_steps,xvla,3,-2.6666666666666665,-2.3499663399175734,118.33333333333333,lerobot_latest_only,canary
0.0,-1.0,fixed_0950,0.3333333333333333,actionstream_backend_aligned,success,xvla,3,-0.6666666666666666,-66.66666666666666,1.0,lerobot_latest_only,canary
169.0,-9.0,fixed_0950,257.6666666666667,actionstream_backend_aligned,environment_steps,xvla,3,99.66666666666667,70.13266078981314,158.0,lerobot_latest_only,canary
0.0,-1.0,fixed_0950,0.3333333333333333,actionstream_backend_guarded,success,xvla,3,-0.6666666666666666,-66.66666666666666,1.0,lerobot_latest_only,canary
169.0,-12.0,fixed_0950,256.6666666666667,actionstream_backend_guarded,environment_steps,xvla,3,98.66666666666667,69.58321024036258,158.0,lerobot_latest_only,canary
0.0,0.0,fixed_0950,1.0,lerobot_weighted_average,success,xvla,3,0.0,0.0,1.0,lerobot_latest_only,canary
13.0,-1.0,fixed_0950,163.0,lerobot_weighted_average,environment_steps,xvla,3,5.0,2.986509010405459,158.0,lerobot_latest_only,canary
0.0,0.0,fixed_0950,1.0,sync_hold,success,xvla,3,0.0,0.0,1.0,lerobot_latest_only,canary
-33.0,-49.0,fixed_0950,115.66666666666667,sync_hold,environment_steps,xvla,3,-42.333333333333336,-26.688075725579875,158.0,lerobot_latest_only,canary
0.2,0.0,burst_0250_to2000_holdout,0.8666666666666667,actionstream_backend_aligned,success,xvla,15,0.06666666666666667,,0.8,lerobot_latest_only,holdout
27.0,-21.134999999999998,burst_0250_to2000_holdout,186.06666666666666,actionstream_backend_aligned,environment_steps,xvla,15,5.666666666666667,9.973157611881051,180.4,lerobot_latest_only,holdout
0.0,-0.5333333333333333,burst_0250_to2000_holdout,0.5333333333333333,actionstream_backend_guarded,success,xvla,15,-0.26666666666666666,,0.8,lerobot_latest_only,holdout
90.2683333333333,12.131666666666668,burst_0250_to2000_holdout,232.6,actionstream_backend_guarded,environment_steps,xvla,15,52.2,39.780981545418555,180.4,lerobot_latest_only,holdout
0.06666666666666667,-0.4666666666666667,burst_0250_to2000_holdout,0.6,lerobot_weighted_average,success,xvla,15,-0.2,,0.8,lerobot_latest_only,holdout
70.93333333333334,-11.134999999999998,burst_0250_to2000_holdout,208.8,lerobot_weighted_average,environment_steps,xvla,15,28.4,23.87699959998537,180.4,lerobot_latest_only,holdout
0.3333333333333333,0.0,burst_0250_to2000_holdout,0.9333333333333333,sync_hold,success,xvla,15,0.13333333333333333,,0.8,lerobot_latest_only,holdout
-25.266666666666666,-82.26666666666667,burst_0250_to2000_holdout,130.13333333333333,sync_hold,environment_steps,xvla,15,-50.266666666666666,-24.196839825038293,180.4,lerobot_latest_only,holdout
0.26666666666666666,-0.13333333333333333,fixed_0000,0.8,actionstream_backend_aligned,success,xvla,15,0.06666666666666667,,0.7333333333333333,lerobot_latest_only,holdout
52.66999999999995,-31.266666666666666,fixed_0000,184.93333333333334,actionstream_backend_aligned,environment_steps,xvla,15,13.466666666666667,22.123220479771454,171.46666666666667,lerobot_latest_only,holdout
0.26666666666666666,-0.13333333333333333,fixed_0000,0.8,actionstream_backend_guarded,success,xvla,15,0.06666666666666667,,0.7333333333333333,lerobot_latest_only,holdout
51.66833333333331,-32.06666666666667,fixed_0000,184.06666666666666,actionstream_backend_guarded,environment_steps,xvla,15,12.6,21.348216176963923,171.46666666666667,lerobot_latest_only,holdout
0.0,-0.2,fixed_0000,0.6666666666666666,lerobot_weighted_average,success,xvla,15,-0.06666666666666667,,0.7333333333333333,lerobot_latest_only,holdout
43.53333333333333,1.0666666666666667,fixed_0000,189.0,lerobot_weighted_average,environment_steps,xvla,15,17.533333333333335,13.355946240128105,171.46666666666667,lerobot_latest_only,holdout
0.4,0.0,fixed_0000,0.9333333333333333,sync_hold,success,xvla,15,0.2,,0.7333333333333333,lerobot_latest_only,holdout
-3.5983333333333576,-83.535,fixed_0000,130.13333333333333,sync_hold,environment_steps,xvla,15,-41.333333333333336,-15.016809117529181,171.46666666666667,lerobot_latest_only,holdout
0.2,-0.2,fixed_0250,0.8666666666666667,actionstream_backend_aligned,success,xvla,15,0.0,,0.8666666666666667,lerobot_latest_only,holdout
31.666666666666668,-34.401666666666664,fixed_0250,149.0,actionstream_backend_aligned,environment_steps,xvla,15,1.1333333333333333,5.819945741234336,147.86666666666667,lerobot_latest_only,holdout
0.2,-0.2,fixed_0250,0.8666666666666667,actionstream_backend_guarded,success,xvla,15,0.0,,0.8666666666666667,lerobot_latest_only,holdout
31.333333333333332,-34.86833333333333,fixed_0250,148.66666666666666,actionstream_backend_guarded,environment_steps,xvla,15,0.8,5.657209264495956,147.86666666666667,lerobot_latest_only,holdout
-0.06666666666666667,-0.4666666666666667,fixed_0250,0.6,lerobot_weighted_average,success,xvla,15,-0.26666666666666666,,0.8666666666666667,lerobot_latest_only,holdout
86.2,11.0,fixed_0250,194.6,lerobot_weighted_average,environment_steps,xvla,15,46.733333333333334,38.36758486139498,147.86666666666667,lerobot_latest_only,holdout
0.26666666666666666,-0.13333333333333333,fixed_0250,0.9333333333333333,sync_hold,success,xvla,15,0.06666666666666667,,0.8666666666666667,lerobot_latest_only,holdout
17.06833333333331,-58.666666666666664,fixed_0250,130.13333333333333,sync_hold,environment_steps,xvla,15,-17.733333333333334,-3.9798237319610004,147.86666666666667,lerobot_latest_only,holdout
-0.06666666666666667,-0.5333333333333333,fixed_0950,0.6666666666666666,actionstream_backend_aligned,success,xvla,15,-0.26666666666666666,,0.9333333333333333,lerobot_latest_only,holdout
84.33499999999997,3.4,fixed_0950,206.8,actionstream_backend_aligned,environment_steps,xvla,15,41.53333333333333,35.015888491460686,165.26666666666668,lerobot_latest_only,holdout
-0.13333333333333333,-0.6666666666666666,fixed_0950,0.5333333333333333,actionstream_backend_guarded,success,xvla,15,-0.4,,0.9333333333333333,lerobot_latest_only,holdout
111.4,23.865000000000002,fixed_0950,231.8,actionstream_backend_guarded,environment_steps,xvla,15,66.53333333333333,53.25551817929739,165.26666666666668,lerobot_latest_only,holdout
0.0,-0.4,fixed_0950,0.7333333333333333,lerobot_weighted_average,success,xvla,15,-0.2,,0.9333333333333333,lerobot_latest_only,holdout
48.733333333333334,-0.2,fixed_0950,187.0,lerobot_weighted_average,environment_steps,xvla,15,21.733333333333334,12.366542008597241,165.26666666666668,lerobot_latest_only,holdout
0.0,0.0,fixed_0950,0.9333333333333333,sync_hold,success,xvla,15,0.0,,0.9333333333333333,lerobot_latest_only,holdout
-27.866666666666667,-41.666666666666664,fixed_0950,130.13333333333333,sync_hold,environment_steps,xvla,15,-35.13333333333333,-22.447824186984526,165.26666666666668,lerobot_latest_only,holdout
0.0,0.0,jitter_0600_pm0400_holdout,0.9333333333333333,actionstream_backend_aligned,success,xvla,15,0.0,,0.9333333333333333,lerobot_latest_only,holdout
8.333333333333334,-6.0,jitter_0600_pm0400_holdout,144.86666666666667,actionstream_backend_aligned,environment_steps,xvla,15,0.5333333333333333,0.657614984061724,144.33333333333334,lerobot_latest_only,holdout
0.0,-0.3333333333333333,jitter_0600_pm0400_holdout,0.8,actionstream_backend_guarded,success,xvla,15,-0.13333333333333333,,0.9333333333333333,lerobot_latest_only,holdout
63.4,-3.8666666666666667,jitter_0600_pm0400_holdout,168.33333333333334,actionstream_backend_guarded,environment_steps,xvla,15,24.0,23.110430408187188,144.33333333333334,lerobot_latest_only,holdout
-0.13333333333333333,-0.6666666666666666,jitter_0600_pm0400_holdout,0.5333333333333333,lerobot_weighted_average,success,xvla,15,-0.4,,0.9333333333333333,lerobot_latest_only,holdout
104.6,22.0,jitter_0600_pm0400_holdout,207.2,lerobot_weighted_average,environment_steps,xvla,15,62.86666666666667,45.248610783483066,144.33333333333334,lerobot_latest_only,holdout
0.0,0.0,jitter_0600_pm0400_holdout,0.9333333333333333,sync_hold,success,xvla,15,0.0,,0.9333333333333333,lerobot_latest_only,holdout
-8.066666666666666,-20.533333333333335,jitter_0600_pm0400_holdout,130.13333333333333,sync_hold,environment_steps,xvla,15,-14.2,-10.72194783015259,144.33333333333334,lerobot_latest_only,holdout
