bounded_hold_steps_sum,completed_inferences_per_second_mean,delay_profile,delivery_latency_p50_seconds_median,delivery_latency_p95_seconds_median,depletion_safe_hold_steps_sum,disconnects_sum,dropped_prefix_steps_sum,environment_steps_per_second_mean,episodes,fallback_activations_sum,fallback_chunks_accepted_sum,gpu_generated_actions_per_second_p50_median,hold_steps_sum,inference_latency_p50_seconds_median,inference_latency_p95_seconds_median,mean_environment_steps,model,peak_cuda_memory_mib_max,queue_age_p50_steps_median,queue_age_p95_steps_median,queue_depth_p50_steps_median,queue_depth_p95_steps_median,recoveries_sum,runtime,split,success_rate,successes,suite
,2.1888019594611072,burst_0250_to1800_canary,0.6082807420752943,2.2427029612474145,,,722.0,19.312958465833297,1,,,164.10334397485332,2.0,0.3046860520262271,0.3640485134441405,300.0,smolvla,933.728515625,,,,,,lerobot_latest_only,canary,0.0,0,libero_object
,1.7106351044321015,fixed_0000,0.3068540629465133,0.5589815030107275,,,76.0,18.97249843097422,1,,,205.71135098157941,0.0,0.24305902305059135,0.35459698096383363,122.0,smolvla,933.728515625,,,,,,lerobot_latest_only,canary,1.0,1,libero_object
,3.6357923629528432,fixed_0950,1.208735981490463,1.2416201850981452,,,1260.0,18.487079811624625,1,,,217.10229063297734,1.0,0.2303061835700646,0.24185247685527428,300.0,smolvla,933.728515625,,,,,,lerobot_latest_only,canary,0.0,0,libero_object
,2.5874307227350135,burst_0250_to1800_canary,0.6742939378600568,2.242852858314291,,,678.0,19.4057304205126,1,,,150.50292313593545,7.0,0.33221946097910404,0.4131639837985858,300.0,smolvla,1471.6044921875,,,,,,lerobot_rtc,canary,0.0,0,libero_object
,1.6469479722719662,fixed_0000,0.44962329999543726,0.6834190478548408,,,203.0,19.763375667263595,1,,,144.09701541412446,0.0,0.34698844980448484,0.4981340690981595,300.0,smolvla,1471.6044921875,,,,,,lerobot_rtc,canary,0.0,0,libero_object
,2.751233433663852,fixed_0950,1.314800534863025,1.3855960499495268,,,1079.0,18.34155622442568,1,,,151.8942676061019,6.0,0.3291763460729271,0.41656505805440247,300.0,smolvla,1471.6044921875,,,,,,lerobot_rtc,canary,0.0,0,libero_object
,0.2860538979863447,burst_0250_to1800_canary,0.48831515305209905,2.1553561808541417,,,0.0,14.302694899317233,1,,,239.52241300894354,0.0,0.20874873199500144,0.21153679100098088,300.0,smolvla,933.728515625,,,,,,sync_hold,canary,0.0,0,libero_object
,0.3691165600231515,fixed_0000,0.21475534257479012,0.22217212250689045,,,0.0,18.455828001157574,1,,,241.04544830136305,0.0,0.2074297621147707,0.21443638834170997,300.0,smolvla,925.603515625,,,,,,sync_hold,canary,0.0,0,libero_object
,0.27332973533401367,fixed_0950,1.1628158170497045,1.167985741281882,,,0.0,13.666486766700684,1,,,242.35819007313134,0.0,0.2063062114175409,0.21074952522758394,300.0,smolvla,933.728515625,,,,,,sync_hold,canary,0.0,0,libero_object
4.0,0.82686742388736,burst_0250_to1800_canary,0.4601951059885323,3.5540626573027083,47.0,1.0,121.0,10.899616042151564,1,0.0,0.0,219.7122950202323,51.0,0.1365421994123608,2.4908734334749134,145.0,xvla,12258.9501953125,14.0,27.349999999999994,11.0,23.0,1.0,actionstream_backend_aligned,canary,1.0,1,libero_goal
0.0,1.125760531670899,disconnect_recovery_canary,0.43909938796423376,2.3154346563387644,0.0,2.0,100.0,8.919487289392507,1,0.0,0.0,172.23274326937567,0.0,0.17418290756177157,2.0470200481708143,103.0,xvla,12258.9501953125,13.0,17.89999999999999,18.0,24.89999999999999,2.0,actionstream_backend_aligned,canary,1.0,1,libero_goal
0.0,5.319880188455082,fixed_0000,0.09397763048764318,0.14341512025566766,0.0,1.0,121.0,10.724202919584055,1,0.0,0.0,352.03234672140485,0.0,0.08521944156382233,0.13297470962861546,127.0,xvla,12258.9501953125,3.0,5.0,28.0,29.0,1.0,actionstream_backend_aligned,canary,1.0,1,libero_goal
24.0,0.6435223707837114,fixed_0950,1.1229517755564302,2.492952727712691,158.0,1.0,295.0,12.87044741567423,1,0.0,0.0,189.25313683055236,182.0,0.15851784811820835,1.5251800020341761,300.0,xvla,12258.9501953125,25.0,29.0,0.0,15.050000000000011,1.0,actionstream_backend_aligned,canary,0.0,0,libero_goal
4.0,0.7949420778191877,burst_0250_to1800_canary,0.5251243495149538,3.621796712523789,32.0,1.0,69.0,11.273724012708481,1,2.0,2.0,182.00675407558268,36.0,0.16482904797885567,2.5921657925588044,156.0,xvla,12258.9501953125,17.0,46.05,14.0,28.0,1.0,actionstream_backend_guarded,canary,1.0,1,libero_goal
0.0,1.1500023061640312,disconnect_recovery_canary,0.41866082802880555,2.298628411570096,0.0,2.0,93.0,9.023095017594708,1,0.0,0.0,193.13710409172234,0.0,0.15533007052727044,2.0307770661544033,102.0,xvla,12258.9501953125,12.0,16.0,18.0,24.94999999999999,2.0,actionstream_backend_guarded,canary,1.0,1,libero_goal
0.0,5.7123658305017715,fixed_0000,0.09367131744511425,0.1293659221148118,0.0,1.0,128.0,10.845216286894669,1,0.0,0.0,354.11820436941326,0.0,0.08471747464500368,0.11790492816362526,131.0,xvla,12258.9501953125,3.0,4.0,28.0,29.0,1.0,actionstream_backend_guarded,canary,1.0,1,libero_goal
24.0,0.6433114063133966,fixed_0950,1.1223775619873777,2.4595079304417595,159.0,1.0,295.0,12.86622812626793,1,0.0,0.0,189.26449513590583,183.0,0.15850833500735462,1.4939501945045777,300.0,xvla,12258.9501953125,25.0,30.0,0.0,15.050000000000011,1.0,actionstream_backend_guarded,canary,0.0,0,libero_goal
,3.758732637997632,burst_0250_to1800_canary,0.4194604568183422,2.0576892254408445,,,503.0,12.198151202558352,1,,,353.0956655578008,23.0,0.08496281015686691,0.12841838910244402,172.0,xvla,12258.9501953125,,,,,,lerobot_latest_only,canary,1.0,1,libero_goal
,1.5360105317952346,fixed_0000,0.2089485765900463,1.583620504650753,,,67.0,9.696066481957418,1,,,224.30650401610797,0.0,0.13374556449707597,1.4943612104980275,101.0,xvla,12258.9501953125,,,,,,lerobot_latest_only,canary,1.0,1,libero_goal
,4.697149699989808,fixed_0950,1.0696841240860522,1.107904526987113,,,697.0,10.087321486863358,1,,,356.6378534485875,8.0,0.0841189450584352,0.14137451106216758,131.0,xvla,12258.9501953125,,,,,,lerobot_latest_only,canary,1.0,1,libero_goal
,3.246981892177712,burst_0250_to1800_canary,0.43821782886516303,2.515524756920053,,,308.0,9.921333559431897,1,,,309.54322886388024,13.0,0.09691699640825391,0.9399704655166641,110.0,xvla,12258.9501953125,,,,,,lerobot_weighted_average,canary,1.0,1,libero_goal
,1.5338391664911957,fixed_0000,0.14725503092631698,1.5376385807758197,,,51.0,9.682359738475673,1,,,300.07098154518553,0.0,0.09997634508181363,1.447675350238569,101.0,xvla,12258.9501953125,,,,,,lerobot_weighted_average,canary,1.0,1,libero_goal
,4.516419017896156,fixed_0950,1.073565247002989,1.117100051091984,,,686.0,9.95143173434746,1,,,354.8297410188153,8.0,0.08454759151209146,0.13519573513185598,130.0,xvla,12258.9501953125,,,,,,lerobot_weighted_average,canary,1.0,1,libero_goal
,0.642557629496798,burst_0250_to1800_canary,0.32311271445360035,0.43069886976154514,,,0.0,15.74266192267155,1,,,318.968913513427,0.0,0.09405305259861052,0.10207268240628764,98.0,xvla,3528.9501953125,,,,,,sync_hold,canary,1.0,1,libero_goal
,0.7590115009984301,fixed_0000,0.09889484546147287,0.10649304991820827,,,0.0,18.595781774461535,1,,,331.5375949204379,0.0,0.09048747550696135,0.09791549646761268,98.0,xvla,3520.8251953125,,,,,,sync_hold,canary,1.0,1,libero_goal
,0.44077782110674424,fixed_0950,1.0493791929911822,1.0595033777644858,,,0.0,10.799056617115234,1,,,327.746734838354,0.0,0.09153409267310053,0.10201959923142567,98.0,xvla,3528.9501953125,,,,,,sync_hold,canary,1.0,1,libero_goal
4.0,0.8559440412459305,burst_0250_to1800_canary,0.48671974102035165,3.463704265141855,49.0,1.0,131.0,11.412587216612406,1,0.0,0.0,175.2065584519991,53.0,0.1712264670059085,2.2705403923056946,160.0,xvla,12258.9501953125,15.0,27.69999999999999,11.5,23.0,1.0,actionstream_backend_aligned,canary,1.0,1,libero_object
0.0,1.1706440373366045,disconnect_recovery_canary,0.4526071429718286,1.8461253487621434,0.0,2.0,120.0,10.30166752856212,1,0.0,0.0,160.948162751959,0.0,0.1863954175496474,1.5816196812666021,132.0,xvla,12258.9501953125,13.0,18.0,17.0,23.44999999999999,2.0,actionstream_backend_aligned,canary,1.0,1,libero_object
0.0,5.832667998446549,fixed_0000,0.09626146650407463,0.12244727907236667,0.0,1.0,154.0,11.377303009315492,1,0.0,0.0,343.124884244401,0.0,0.08743172348476946,0.1064340606564656,158.0,xvla,12258.9501953125,3.0,4.0,28.0,29.0,1.0,actionstream_backend_aligned,canary,1.0,1,libero_object
24.0,0.646409348496339,fixed_0950,1.122017077053897,2.4339774785912596,157.0,1.0,294.0,12.92818696992678,1,0.0,0.0,191.0651674517257,181.0,0.157014490920119,1.4703957035089843,300.0,xvla,12258.9501953125,25.0,30.0,0.0,15.050000000000011,1.0,actionstream_backend_aligned,canary,0.0,0,libero_object
4.0,1.125017179246878,burst_0250_to1800_canary,0.4606188340112567,2.216059166495691,27.0,1.0,128.0,12.61203469366237,1,2.0,2.0,202.5421830908129,31.0,0.14811729360371828,0.5307969343382903,213.0,xvla,12258.9501953125,14.0,42.94999999999999,16.0,27.0,1.0,actionstream_backend_guarded,canary,1.0,1,libero_object
0.0,1.3069312260223356,disconnect_recovery_canary,0.4020197798963636,1.2677860163850636,0.0,2.0,128.0,10.14793657852637,1,0.0,0.0,214.02443872898962,0.0,0.1401709084166214,1.00061043777968,132.0,xvla,12258.9501953125,12.0,17.0,18.0,23.44999999999999,2.0,actionstream_backend_guarded,canary,1.0,1,libero_object
0.0,5.889872091895484,fixed_0000,0.09251764300279319,0.15003958638990297,0.0,1.0,148.0,11.626760493092384,1,0.0,0.0,358.0743083936254,0.0,0.08378149254713207,0.14062080470612273,152.0,xvla,12258.9501953125,3.0,4.0,28.0,29.0,1.0,actionstream_backend_guarded,canary,1.0,1,libero_object
24.0,0.6459018342778083,fixed_0950,1.1209940989501774,2.4626187097164802,154.0,1.0,293.0,12.918036685556167,1,0.0,0.0,186.0431704054011,178.0,0.16125289595220238,1.4993885776493698,300.0,xvla,12258.9501953125,25.0,29.0,0.0,15.050000000000011,1.0,actionstream_backend_guarded,canary,0.0,0,libero_object
,3.8307911801005554,burst_0250_to1800_canary,0.3947343351319432,1.9089638818986707,,,420.0,11.787049784924786,1,,,346.3928720713342,14.0,0.08660686295479536,0.13388569266535338,160.0,xvla,12258.9501953125,,,,,,lerobot_latest_only,canary,1.0,1,libero_object
,1.6502995167628456,fixed_0000,0.16083137202076614,0.7730328153585903,,,70.0,10.42294431639692,1,,,259.43971833584146,0.0,0.115633798064664,0.6974556697765251,120.0,xvla,12258.9501953125,,,,,,lerobot_latest_only,canary,1.0,1,libero_object
,5.4379791583145165,fixed_0950,1.0645918138325214,1.1303703618003054,,,981.0,11.224546724213297,1,,,363.0931719306095,7.0,0.08262342098169029,0.12751742247492073,161.0,xvla,12258.9501953125,,,,,,lerobot_latest_only,canary,1.0,1,libero_object
,4.038359509973653,burst_0250_to1800_canary,0.3994534348603338,2.05240657532122,,,874.0,14.596480156531278,1,,,292.99945473261755,29.0,0.10238926904276013,0.13680235198698934,300.0,xvla,12258.9501953125,,,,,,lerobot_weighted_average,canary,0.0,0,libero_object
,1.6781361924942304,fixed_0000,0.18469557561911643,0.5646264357259535,,,82.0,10.48835120308894,1,,,227.60554945699442,0.0,0.13180697953794152,0.4364642944536211,125.0,xvla,12258.9501953125,,,,,,lerobot_weighted_average,canary,1.0,1,libero_object
,4.668773506641724,fixed_0950,1.08066148951184,1.154920677805785,,,815.0,11.2828693077175,1,,,341.51687879185437,9.0,0.08784338890109211,0.16034657543059427,174.0,xvla,12258.9501953125,,,,,,lerobot_weighted_average,canary,1.0,1,libero_object
,0.46389561473466295,burst_0250_to1800_canary,0.2844550309237093,1.760956631181761,,,0.0,13.452972827305226,1,,,322.05240297893465,0.0,0.09315254201646894,0.10581426940625534,116.0,xvla,3528.9501953125,,,,,,sync_hold,canary,1.0,1,libero_object
,0.6470162012529755,fixed_0000,0.10136109846644104,0.11384351387387141,,,0.0,18.76346983633629,1,,,320.83553430323025,0.0,0.09350585204083472,0.10513109538005665,116.0,xvla,3520.8251953125,,,,,,sync_hold,canary,1.0,1,libero_object
,0.4002138810702378,fixed_0950,1.0530616095056757,1.068750993476715,,,0.0,11.606202551036898,1,,,315.30088794544946,0.0,0.09514721063897014,0.10273195034824312,116.0,xvla,3528.9501953125,,,,,,sync_hold,canary,1.0,1,libero_object
4.0,0.8584873915892224,burst_0250_to1800_canary,0.4434831680264324,3.150656615756448,51.0,1.0,146.0,10.608451338923961,1,0.0,0.0,189.56015036970115,55.0,0.1582611110061407,1.8208030298585018,173.0,xvla,12258.9501953125,13.5,27.0,12.0,24.0,1.0,actionstream_backend_aligned,canary,1.0,1,libero_spatial
0.0,1.252405069701872,disconnect_recovery_canary,0.4400124124949798,1.299779104790643,0.0,2.0,137.0,10.461265876333284,1,0.0,0.0,173.27104521964944,0.0,0.17313914140686393,1.0272179697989414,142.0,xvla,12258.9501953125,14.0,19.94999999999999,17.0,22.94999999999999,2.0,actionstream_backend_aligned,canary,1.0,1,libero_spatial
0.0,7.1466414615205744,fixed_0000,0.09163387108128518,0.12048021594528108,0.0,1.0,221.0,13.39244576402595,1,0.0,0.0,360.1445637156109,0.0,0.08329988294281065,0.10894117940915747,223.0,xvla,12258.9501953125,3.0,4.0,28.0,29.0,1.0,actionstream_backend_aligned,canary,1.0,1,libero_spatial
12.0,0.5316169497484927,fixed_0950,1.1407338476274163,4.090846441802563,88.0,1.0,164.0,10.218859145165471,1,0.0,0.0,170.40092531223888,100.0,0.17605538200587034,3.1251556550618207,173.0,xvla,12258.9501953125,25.0,29.39999999999999,0.0,21.400000000000006,1.0,actionstream_backend_aligned,canary,1.0,1,libero_spatial
10.0,0.9687760263024824,burst_0250_to1800_canary,0.4449981530196965,2.0245195851661264,62.0,1.0,122.0,13.839657518606892,1,4.0,4.0,194.44708027672414,72.0,0.15428362286183983,0.19323008513310924,300.0,xvla,12258.9501953125,15.0,43.0,15.0,27.05000000000001,1.0,actionstream_backend_guarded,canary,0.0,0,libero_spatial
0.0,1.317976898351785,disconnect_recovery_canary,0.41686947899870574,1.0463641410693414,0.0,2.0,138.0,10.617036125611602,1,0.0,0.0,197.97775344612404,0.0,0.15153217711485922,0.7787153957411534,145.0,xvla,12258.9501953125,13.0,18.0,18.0,23.0,2.0,actionstream_backend_guarded,canary,1.0,1,libero_spatial
0.0,6.563270003235411,fixed_0000,0.09275651909410954,0.13434812068007884,0.0,1.0,201.0,12.935376802493092,1,0.0,0.0,355.3914517844455,0.0,0.08441396057605743,0.12318101911805569,203.0,xvla,12258.9501953125,3.0,5.0,28.0,29.0,1.0,actionstream_backend_guarded,canary,1.0,1,libero_spatial
14.0,0.5432597853046166,fixed_0950,1.1301726205274463,3.999654252757313,79.0,1.0,158.0,10.261573722420534,1,0.0,0.0,181.28570680539843,93.0,0.16548464039806277,3.0345630037598257,170.0,xvla,12258.9501953125,25.0,30.0,0.0,21.549999999999983,1.0,actionstream_backend_guarded,canary,1.0,1,libero_spatial
,4.427271244968598,burst_0250_to1800_canary,0.41977985785342753,1.9143976195016874,,,910.0,12.409775459381674,1,,,338.63884853714853,15.0,0.08858995395712554,0.14072167468257246,185.0,xvla,12258.9501953125,,,,,,lerobot_latest_only,canary,1.0,1,libero_spatial
,1.8266244084179581,fixed_0000,0.1557112893788144,0.2926299893879331,,,75.0,11.12580321490938,1,,,336.54851415768644,0.0,0.0891401944682002,0.1461466481676325,134.0,xvla,12258.9501953125,,,,,,lerobot_latest_only,canary,1.0,1,libero_spatial
,5.435639320059154,fixed_0950,1.0697823150549084,1.1160389177501202,,,1012.0,11.777218526794833,1,,,340.3516451749101,8.0,0.08814413100481033,0.14195725177414706,182.0,xvla,12258.9501953125,,,,,,lerobot_latest_only,canary,1.0,1,libero_spatial
,4.225033414364497,burst_0250_to1800_canary,0.41457245708443224,1.922441606177017,,,935.0,12.198080341471695,1,,,343.1602889812483,16.0,0.08742270292714238,0.14656140911392868,179.0,xvla,12258.9501953125,,,,,,lerobot_weighted_average,canary,1.0,1,libero_spatial
,1.8199520501662134,fixed_0000,0.141446053981781,0.26121574159478766,,,68.0,11.085162487376028,1,,,365.86217149807857,0.0,0.08199809200596064,0.1335983486031182,134.0,xvla,12258.9501953125,,,,,,lerobot_weighted_average,canary,1.0,1,libero_spatial
,4.500081477832359,fixed_0950,1.0788991084555164,1.1562320015509613,,,828.0,11.89307247712838,1,,,347.76767217925357,9.0,0.08626448747236282,0.17373201943701128,185.0,xvla,12258.9501953125,,,,,,lerobot_weighted_average,canary,1.0,1,libero_spatial
,0.5015986408625891,burst_0250_to1800_canary,0.368394766934216,1.53572772112675,,,0.0,13.34252384694487,1,,,366.9294822916205,0.0,0.08175957901403308,0.08581608291715384,133.0,xvla,3528.9501953125,,,,,,sync_hold,canary,1.0,1,libero_spatial
,0.7068121849595924,fixed_0000,0.08976805908605456,0.09359300918877125,,,0.0,18.801204119925156,1,,,367.74245185460467,0.0,0.08157883281819522,0.08591916258446872,133.0,xvla,3520.8251953125,,,,,,sync_hold,canary,1.0,1,libero_spatial
,0.42298556233229617,fixed_0950,1.0395864599850029,1.0423640166874975,,,0.0,11.251415958039079,1,,,365.43525359038614,0.0,0.08209388586692512,0.0849128829780966,133.0,xvla,3528.9501953125,,,,,,sync_hold,canary,1.0,1,libero_spatial
10.0,0.83750342045113,burst_0250_to2000_holdout,0.47519349097274244,3.734829356055704,310.0,5.0,657.0,10.949124462200254,5,0.0,0.0,159.8957812582252,320.0,0.18762221094220877,2.6477098735398577,154.2,xvla,12258.9501953125,14.0,25.099999999999994,10.0,23.0,5.0,actionstream_backend_aligned,holdout,1.0,5,libero_goal
0.0,5.438556090759906,fixed_0000,0.09599813108798116,0.1412306692451238,0.0,5.0,624.0,10.69201590424552,5,0.0,0.0,345.96028876200137,0.0,0.08671515481546521,0.1295333620160818,127.4,xvla,12258.9501953125,3.0,4.6499999999999915,28.0,29.0,5.0,actionstream_backend_aligned,holdout,1.0,5,libero_goal
0.0,1.1177935671998784,fixed_0250,0.4318292159587145,2.324171050870789,0.0,5.0,485.0,8.923219562824476,5,0.0,0.0,181.7702859328043,0.0,0.16504347696900368,2.0569822944584284,102.2,xvla,12258.9501953125,13.0,18.0,18.0,24.799999999999997,5.0,actionstream_backend_aligned,holdout,1.0,5,libero_goal
89.0,0.5693877754721725,fixed_0950,1.1617404110729694,2.828103906428436,618.0,5.0,1090.0,11.265557224339544,5,0.0,0.0,152.1121578878847,707.0,0.1972228940576315,1.860201588668855,229.2,xvla,12258.9501953125,25.0,29.0,0.0,15.050000000000011,5.0,actionstream_backend_aligned,holdout,0.4,2,libero_goal
23.0,0.6623094248489285,jitter_0600_pm0400_holdout,0.8445600559934974,3.950326085602863,47.0,5.0,509.0,8.6976312350439,5,0.0,0.0,198.18813242395365,70.0,0.15137132396921515,3.3522843146231005,110.4,xvla,12258.9501953125,21.0,29.0,9.0,24.89999999999999,5.0,actionstream_backend_aligned,holdout,1.0,5,libero_goal
22.0,0.8679052588998613,burst_0250_to2000_holdout,0.4673640481196344,3.727907211415001,115.0,5.0,430.0,11.322949555200926,5,11.0,11.0,162.8991271068197,137.0,0.18416304944548756,2.5944740965496713,176.4,xvla,12258.9501953125,17.0,63.14999999999999,16.0,28.0,5.0,actionstream_backend_guarded,holdout,0.8,4,libero_goal
0.0,5.28722690901445,fixed_0000,0.09574533440172672,0.1477655618917197,0.0,5.0,618.0,10.656666425062028,5,0.0,0.0,347.60852230844046,0.0,0.08630398300010711,0.1351518273819238,126.6,xvla,12258.9501953125,3.0,5.0,28.0,29.0,5.0,actionstream_backend_guarded,holdout,1.0,5,libero_goal
0.0,1.1364482539283425,fixed_0250,0.41780542803462595,2.3227328341919913,0.0,5.0,473.0,9.084605441387435,5,0.0,0.0,197.75397836014918,0.0,0.1517036483855918,2.0573666503070838,102.4,xvla,12258.9501953125,13.0,18.0,18.0,24.849999999999994,5.0,actionstream_backend_guarded,holdout,1.0,5,libero_goal
120.0,0.6262829079284593,fixed_0950,1.1435288675129414,2.7713085920317044,838.0,5.0,1432.0,13.055759146438769,5,0.0,0.0,170.68767393600515,958.0,0.17575961584225297,1.806407970678987,300.0,xvla,12258.9501953125,25.5,29.64999999999999,0.0,15.050000000000011,5.0,actionstream_backend_guarded,holdout,0.0,0,libero_goal
59.0,0.7562265767747933,jitter_0600_pm0400_holdout,0.8568255959544331,3.9346360338851794,116.0,5.0,902.0,10.456882653852869,5,0.0,0.0,174.82241022408425,175.0,0.1716027136426419,3.352530147228388,184.2,xvla,12258.9501953125,21.0,29.0,7.0,24.599999999999994,5.0,actionstream_backend_guarded,holdout,0.6,3,libero_goal
,2.571960053541591,burst_0250_to2000_holdout,0.4060694428626448,1.8675669341348111,,,1051.0,10.50601161322053,5,,,310.9073443526443,91.0,0.0964917701203376,0.16321441885083912,146.6,xvla,12258.9501953125,,,,,,lerobot_latest_only,holdout,0.8,4,libero_goal
,1.9109015714003845,fixed_0000,0.17151184054091573,1.5335121615207754,,,555.0,11.57885743414661,5,,,245.6415884865132,0.0,0.12212915648706257,1.4474605764844455,178.8,xvla,12258.9501953125,,,,,,lerobot_latest_only,holdout,0.6,3,libero_goal
,2.0044786340262424,fixed_0250,0.3947676265379414,1.4598456462379508,,,990.0,10.083468785843975,5,,,281.0358101326018,0.0,0.10674796206876636,1.1837850360665434,134.8,xvla,12258.9501953125,,,,,,lerobot_latest_only,holdout,0.8,4,libero_goal
,3.997021916474503,fixed_0950,1.0752879983047023,1.1354864069027826,,,2985.0,9.8620348441794,5,,,348.0221150412486,38.0,0.0862014185404405,0.13292743287747724,124.0,xvla,12258.9501953125,,,,,,lerobot_latest_only,holdout,1.0,5,libero_goal
,2.50689482501194,jitter_0600_pm0400_holdout,0.7063195834634826,1.1351409500930458,,,1415.0,9.660023493205884,5,,,298.7921103742518,26.0,0.10040425753686577,0.16795191193232312,110.4,xvla,12258.9501953125,,,,,,lerobot_latest_only,holdout,1.0,5,libero_goal
,2.7819190688936635,burst_0250_to2000_holdout,0.4090143581852317,1.896458011935465,,,1653.0,11.434558148042019,5,,,309.60734521374684,113.0,0.09689692594110966,0.15643027783371508,184.2,xvla,12258.9501953125,,,,,,lerobot_weighted_average,holdout,0.6,3,libero_goal
,1.8838790916277848,fixed_0000,0.17398673598654568,1.547563101805281,,,566.0,11.574929309888592,5,,,246.52928301138908,0.0,0.12168939784169197,1.4626095648272894,178.0,xvla,12258.9501953125,,,,,,lerobot_weighted_average,holdout,0.6,3,libero_goal
,2.2368609735057214,fixed_0250,0.3859669629018754,0.9507577901007498,,,1366.0,11.268388986026855,5,,,301.8487424668355,0.0,0.09938752686139196,0.665716584213067,176.4,xvla,12258.9501953125,,,,,,lerobot_weighted_average,holdout,0.6,3,libero_goal
,4.355381434066637,fixed_0950,1.0659815268591046,1.1183488222304732,,,3205.0,9.689186486651547,5,,,347.79165645754745,35.0,0.08625853853300214,0.12435173196718097,119.8,xvla,12258.9501953125,,,,,,lerobot_weighted_average,holdout,1.0,5,libero_goal
,2.572591301230873,jitter_0600_pm0400_holdout,0.663264126284048,1.1206913904868998,,,1427.0,9.574077489103958,5,,,325.0721240629384,22.0,0.09228721191175282,0.15378586151637136,109.4,xvla,12258.9501953125,,,,,,lerobot_weighted_average,holdout,1.0,5,libero_goal
,0.6236103446160852,burst_0250_to2000_holdout,0.4197921089362353,0.43438206030987203,,,0.0,15.273387241222158,5,,,329.12492602200024,0.0,0.09115079906769097,0.1022161157336086,92.8,xvla,3528.9501953125,,,,,,sync_hold,holdout,1.0,5,libero_goal
,0.7604831571254052,fixed_0000,0.10236563195940107,0.11250133491121232,,,0.0,18.59968965765936,5,,,319.25249638925095,0.0,0.09396950795780867,0.10415771465050057,92.8,xvla,3520.8251953125,,,,,,sync_hold,holdout,1.0,5,libero_goal
,0.637602912772391,fixed_0250,0.35154659440740943,0.36116810225648804,,,0.0,15.613385992480207,5,,,320.2805620424532,0.0,0.09366787609178573,0.10325951342238113,92.8,xvla,3528.9501953125,,,,,,sync_hold,holdout,1.0,5,libero_goal
,0.4404218664125928,fixed_0950,1.0510192095534876,1.060808330506552,,,0.0,10.805801863613208,5,,,321.6230730000923,0.0,0.09327688999474049,0.10295254731317982,92.8,xvla,3528.9501953125,,,,,,sync_hold,holdout,1.0,5,libero_goal
,0.4961101377034445,jitter_0600_pm0400_holdout,0.8521122459787875,0.9679077152279205,,,0.0,12.166464269812206,5,,,322.80538388463884,0.0,0.09293525293469429,0.10171858138637617,92.8,xvla,3528.9501953125,,,,,,sync_hold,holdout,1.0,5,libero_goal
17.0,0.9217645609939613,burst_0250_to2000_holdout,0.4723318169126287,3.2736373225925477,275.0,5.0,769.0,11.695844061721246,5,0.0,0.0,180.3103360987797,292.0,0.1663798129884526,2.025733090413267,189.0,xvla,12258.9501953125,14.0,26.0,14.0,22.150000000000006,5.0,actionstream_backend_aligned,holdout,1.0,5,libero_object
0.0,6.260838796137051,fixed_0000,0.09204099094495177,0.14526924612000583,0.0,5.0,870.0,12.33215235816294,5,0.0,0.0,353.9477999084146,0.0,0.08475826098583639,0.13330192175926636,176.6,xvla,12258.9501953125,3.0,5.0,27.0,29.0,5.0,actionstream_backend_aligned,holdout,1.0,5,libero_object
0.0,1.3145085798576062,fixed_0250,0.42952121002599597,1.2851065511000273,0.0,5.0,675.0,10.902456508112047,5,0.0,0.0,182.4097131758628,0.0,0.16446492611430585,1.0168220726190995,144.4,xvla,12258.9501953125,13.0,17.349999999999994,18.0,23.19999999999999,5.0,actionstream_backend_aligned,holdout,1.0,5,libero_object
70.0,0.5404308145591113,fixed_0950,1.147255206014961,3.986884695431212,434.0,5.0,811.0,10.42068912733038,5,0.0,0.0,164.3485324757539,504.0,0.18253889796324074,3.0238901821779964,173.6,xvla,12258.9501953125,25.0,29.200000000000003,0.0,21.299999999999983,5.0,actionstream_backend_aligned,holdout,1.0,5,libero_object
23.0,0.8225365637819342,jitter_0600_pm0400_holdout,0.7062470720848069,3.1305930963018875,20.0,5.0,666.0,10.176944565152558,5,0.0,0.0,172.5172230838457,43.0,0.17389568104408681,2.526035805197895,141.4,xvla,12258.9501953125,19.0,28.0,11.0,23.44999999999999,5.0,actionstream_backend_aligned,holdout,1.0,5,libero_object
30.0,1.0696031294574466,burst_0250_to2000_holdout,0.47949510207399726,2.1499965199269355,234.0,5.0,785.0,14.045333017684053,5,15.0,15.0,159.9603844446018,264.0,0.18754643597640097,0.29289174950681623,288.6,xvla,12258.9501953125,15.0,56.79999999999998,16.0,27.0,5.0,actionstream_backend_guarded,holdout,0.2,1,libero_object
0.0,6.208482526268165,fixed_0000,0.09256650554016232,0.141981094609946,0.0,5.0,857.0,12.277261483231083,5,0.0,0.0,353.18017377339686,0.0,0.08494248043280095,0.13012647181749343,174.4,xvla,12258.9501953125,3.0,5.0,27.0,29.0,5.0,actionstream_backend_guarded,holdout,1.0,5,libero_object
0.0,1.3275157750009943,fixed_0250,0.43401986197568476,1.2686657643527652,0.0,5.0,694.0,10.666033155621585,5,0.0,0.0,177.61193411420456,0.0,0.16890756890643388,1.0037634604610433,143.2,xvla,12258.9501953125,13.0,17.0,18.0,23.349999999999994,5.0,actionstream_backend_guarded,holdout,1.0,5,libero_object
70.0,0.5411418869083559,fixed_0950,1.186747828964144,3.9797772580408437,474.0,5.0,847.0,10.547936008389886,5,0.0,0.0,137.20918173224126,544.0,0.2186442599631846,3.0162914941785806,179.4,xvla,12258.9501953125,25.0,29.0,0.0,21.150000000000006,5.0,actionstream_backend_guarded,holdout,1.0,5,libero_object
21.0,0.8264699389388757,jitter_0600_pm0400_holdout,0.7089473955566064,3.1287681087153,19.0,5.0,663.0,10.25320930437083,5,0.0,0.0,178.52497914549807,40.0,0.16804371098987758,2.483687640598506,141.8,xvla,12258.9501953125,19.0,28.0,11.0,23.39999999999999,5.0,actionstream_backend_guarded,holdout,1.0,5,libero_object
,3.869611752893662,burst_0250_to2000_holdout,0.3875688946573064,2.028850845713168,,,3151.0,12.41569456900019,5,,,350.22796679105795,90.0,0.08565849345177412,0.15613468041410664,183.2,xvla,12258.9501953125,,,,,,lerobot_latest_only,holdout,1.0,5,libero_object
,1.8777603981821547,fixed_0000,0.16579803661443293,0.32261612522415817,,,441.0,11.319851447940318,5,,,245.1958220391824,0.0,0.1223511875141412,0.1808127857861109,138.8,xvla,12258.9501953125,,,,,,lerobot_latest_only,holdout,1.0,5,libero_object
,2.1870684471051876,fixed_0250,0.40044987306464463,0.47797377160750326,,,1084.0,11.15916770259775,5,,,328.76192635706883,0.0,0.09125144244171679,0.1672778075793758,141.0,xvla,12258.9501953125,,,,,,lerobot_latest_only,holdout,1.0,5,libero_object
,5.463078316085666,fixed_0950,1.0722565678879619,1.1279712262912653,,,5416.0,11.675071840670498,5,,,353.2659815621445,34.0,0.08492184802889824,0.1297692877240479,178.0,xvla,12258.9501953125,,,,,,lerobot_latest_only,holdout,1.0,5,libero_object
,4.539025076634735,jitter_0600_pm0400_holdout,0.7336306185461581,1.076290129648987,,,4077.0,11.011046141232603,5,,,350.3886506106306,0.0,0.08561921154614538,0.1512117360718548,139.6,xvla,12258.9501953125,,,,,,lerobot_latest_only,holdout,1.0,5,libero_object
,3.9982442416795143,burst_0250_to2000_holdout,0.39490752946585417,2.026788251416292,,,3463.0,13.242230595001919,5,,,332.17667009888856,144.0,0.09031338652130216,0.1610233601182699,228.0,xvla,12258.9501953125,,,,,,lerobot_weighted_average,holdout,0.6,3,libero_object
,1.8881102295466523,fixed_0000,0.16023624199442565,0.28939345856197174,,,452.0,11.487342851541388,5,,,256.7785691679804,0.0,0.11683217994868755,0.15803762199357152,143.6,xvla,12258.9501953125,,,,,,lerobot_weighted_average,holdout,1.0,5,libero_object
,2.3986290553976417,fixed_0250,0.3858544121030718,0.4431621869909577,,,1508.0,12.366993125945886,5,,,254.1351398481413,0.0,0.11804742948152125,0.1391121498076245,199.4,xvla,12258.9501953125,,,,,,lerobot_weighted_average,holdout,0.6,3,libero_object
,5.685846569702424,fixed_0950,1.0633457731455564,1.1005977801512925,,,6079.0,11.909710224993935,5,,,350.00836177294036,33.0,0.08571223798207939,0.11733135802205652,192.6,xvla,12258.9501953125,,,,,,lerobot_weighted_average,holdout,0.8,4,libero_object
,5.925458999976415,jitter_0600_pm0400_holdout,0.7679070041049272,1.077305462770164,,,9348.0,13.978767125094217,5,,,334.71380439962917,0.0,0.0896288100630045,0.14166761981323361,273.8,xvla,12258.9501953125,,,,,,lerobot_weighted_average,holdout,0.2,1,libero_object
,0.6095986986294956,burst_0250_to2000_holdout,0.3081721120979637,0.4022783461026847,,,0.0,16.06429621196714,5,,,313.6695626105975,0.0,0.09564205002970994,0.10622780414996669,137.6,xvla,3528.9501953125,,,,,,sync_hold,holdout,1.0,5,libero_object
,0.7072461937278494,fixed_0000,0.10322926403023303,0.1157234207727015,,,0.0,18.63259124549565,5,,,316.400182540599,0.0,0.0948166330344975,0.1069696688093245,137.6,xvla,3520.8251953125,,,,,,sync_hold,holdout,1.0,5,libero_object
,0.600469114634118,fixed_0250,0.35406035208143294,0.36655819830484687,,,0.0,15.824252987152011,5,,,311.17774069092627,0.0,0.09640792408026755,0.10800764611922205,137.6,xvla,3528.9501953125,,,,,,sync_hold,holdout,1.0,5,libero_object
,0.4227443757462213,fixed_0950,1.0507169319316745,1.0642361175268888,,,0.0,11.145732142699377,5,,,323.23962293189976,0.0,0.09281040402129292,0.1062654638197273,137.6,xvla,3528.9501953125,,,,,,sync_hold,holdout,1.0,5,libero_object
,0.5454160822033437,jitter_0600_pm0400_holdout,0.5271435040049255,0.6823865620885045,,,0.0,14.377501288984226,5,,,312.39179504085195,0.0,0.09603325207717717,0.10629412750713527,137.6,xvla,3528.9501953125,,,,,,sync_hold,holdout,1.0,5,libero_object
10.0,1.2351716307352292,burst_0250_to2000_holdout,0.44175988354254514,2.805664722574872,146.0,5.0,967.0,12.471803827181196,5,0.0,0.0,167.6825532164367,156.0,0.1789094895357266,1.231958315521475,215.0,xvla,12258.9501953125,13.0,22.89999999999999,16.0,23.0,5.0,actionstream_backend_aligned,holdout,0.6,3,libero_spatial
0.0,7.124814604221243,fixed_0000,0.0932744899764657,0.1320253008510917,0.0,5.0,1241.0,13.720511698866204,5,0.0,0.0,355.72756953359806,0.0,0.08433420001529157,0.11941092599881813,250.8,xvla,12258.9501953125,3.0,4.0,28.0,29.0,5.0,actionstream_backend_aligned,holdout,0.4,2,libero_spatial
0.0,1.4293117794437105,fixed_0250,0.43160264508333057,1.2660267923027204,0.0,5.0,982.0,11.890010069419825,5,0.0,0.0,181.26616643266973,0.0,0.16550247953273356,1.002050486858927,200.4,xvla,12258.9501953125,13.0,18.0,17.0,23.099999999999994,5.0,actionstream_backend_aligned,holdout,0.6,3,libero_spatial
82.0,0.5638276321998634,fixed_0950,1.147651442559436,4.08807145080063,576.0,5.0,1041.0,11.058593311828082,5,0.0,0.0,166.3861239408789,658.0,0.18030349700711668,3.120858117542224,217.6,xvla,12258.9501953125,25.0,29.549999999999997,0.0,21.400000000000006,5.0,actionstream_backend_aligned,holdout,0.6,3,libero_spatial
62.0,0.6622547287048597,jitter_0600_pm0400_holdout,0.999922035029158,3.8280784001690282,277.0,5.0,851.0,10.857177933777281,5,0.0,0.0,165.1733787298783,339.0,0.18162733141798526,2.9967997651663554,182.8,xvla,12258.9501953125,23.0,29.0,3.0,22.349999999999994,5.0,actionstream_backend_aligned,holdout,0.8,4,libero_spatial
10.0,1.2867147246615083,burst_0250_to2000_holdout,0.44903523847460747,1.7819288693135604,105.0,5.0,918.0,12.834367982726587,5,5.0,5.0,168.42749273316107,115.0,0.17811818909831345,0.30296857310459013,232.8,xvla,12258.9501953125,14.0,28.599999999999994,17.0,24.44999999999999,5.0,actionstream_backend_guarded,holdout,0.6,3,libero_spatial
0.0,7.035530311919895,fixed_0000,0.09479118417948484,0.13042178556788714,0.0,5.0,1240.0,13.746827581138385,5,0.0,0.0,349.49885545780376,0.0,0.08583719097077847,0.12054919255897402,251.2,xvla,12258.9501953125,3.0,4.0,28.0,29.0,5.0,actionstream_backend_guarded,holdout,0.4,2,libero_spatial
0.0,1.386011729920083,fixed_0250,0.45313649147283286,1.0143043141346317,0.0,5.0,976.0,11.847408974211334,5,0.0,0.0,160.42450971772143,0.0,0.18700384406838566,0.745430743764144,200.4,xvla,12258.9501953125,14.0,18.05000000000001,17.0,23.049999999999983,5.0,actionstream_backend_guarded,holdout,0.6,3,libero_spatial
81.0,0.5648677425378998,fixed_0950,1.138838117942214,4.087928015028586,564.0,5.0,1037.0,10.978033522007584,5,0.0,0.0,175.2367821305788,645.0,0.17119693499989808,3.1246694208821224,216.0,xvla,12258.9501953125,25.0,30.0,0.0,21.650000000000006,5.0,actionstream_backend_guarded,holdout,0.6,3,libero_spatial
58.0,0.6628297533138852,jitter_0600_pm0400_holdout,0.9797674114815891,3.8211747856344975,280.0,5.0,848.0,10.612562532589315,5,0.0,0.0,160.57701147044537,338.0,0.18682624446228147,3.0243269556667602,179.0,xvla,12258.9501953125,23.0,29.0,4.0,22.69999999999999,5.0,actionstream_backend_guarded,holdout,0.8,4,libero_spatial
,3.048025030450174,burst_0250_to2000_holdout,0.38490751350764185,1.230480971140786,,,1631.0,12.728717080478475,5,,,315.14154277441514,118.0,0.09519531996920705,0.15806502755731344,211.4,xvla,12258.9501953125,,,,,,lerobot_latest_only,holdout,0.6,3,libero_spatial
,2.0421720021945586,fixed_0000,0.16247755102813244,0.28080781786702563,,,618.0,12.47467554245287,5,,,243.79824782066595,0.0,0.12305256607942283,0.1662052344530819,196.8,xvla,12258.9501953125,,,,,,lerobot_latest_only,holdout,0.6,3,libero_spatial
,2.4253725679319222,fixed_0250,0.3861704425653443,0.44947251527337356,,,1334.0,11.605808540376922,5,,,306.17882200518886,0.0,0.09798195643816143,0.1411474048043601,167.8,xvla,12258.9501953125,,,,,,lerobot_latest_only,holdout,0.8,4,libero_spatial
,5.217443032841009,fixed_0950,1.0755610943306237,1.1304580916184932,,,5456.0,11.75530636661638,5,,,341.44503120511365,37.0,0.08786187309306115,0.13311001709662376,193.8,xvla,12258.9501953125,,,,,,lerobot_latest_only,holdout,0.8,4,libero_spatial
,4.069919642008272,jitter_0600_pm0400_holdout,0.7972992770373821,1.1149358127498998,,,3750.0,11.760496324125063,5,,,342.83825384785854,24.0,0.08750482089817524,0.13762414206285029,183.0,xvla,12258.9501953125,,,,,,lerobot_latest_only,holdout,0.8,4,libero_spatial
,2.9469383287622968,burst_0250_to2000_holdout,0.38146602804772556,1.484034604625773,,,1447.0,12.828337998703947,5,,,311.16881148134865,122.0,0.09641069057397544,0.15850072097964585,214.2,xvla,12258.9501953125,,,,,,lerobot_weighted_average,holdout,0.6,3,libero_spatial
,2.2576563164110595,fixed_0000,0.1634525500703603,0.25056760902516545,,,744.0,13.657680003617006,5,,,250.5357814690227,0.0,0.11974337487481534,0.1590513731352985,245.4,xvla,12258.9501953125,,,,,,lerobot_weighted_average,holdout,0.4,2,libero_spatial
,2.653777440122071,fixed_0250,0.3788999430835247,0.43874688651412724,,,1702.0,12.544626659029941,5,,,344.06492111496595,0.0,0.08719284692779183,0.1536529718898237,208.0,xvla,12258.9501953125,,,,,,lerobot_weighted_average,holdout,0.6,3,libero_spatial
,5.789767807031382,fixed_0950,1.0753206540830433,1.1302048950456083,,,7421.0,12.89677770355919,5,,,332.1987858226265,37.0,0.09030737401917577,0.13137570103863255,248.6,xvla,12258.9501953125,,,,,,lerobot_weighted_average,holdout,0.4,2,libero_spatial
,4.278761436866055,jitter_0600_pm0400_holdout,0.7774772539269179,1.11851180519443,,,4848.0,12.809393478268154,5,,,337.2399625316089,32.0,0.08895742893218994,0.14539940003305674,238.4,xvla,12258.9501953125,,,,,,lerobot_weighted_average,holdout,0.4,2,libero_spatial
,0.6162732254418178,burst_0250_to2000_holdout,0.3131856869440526,0.4164958424400538,,,0.0,15.9436942272492,5,,,370.81323063047665,0.0,0.08090326213277876,0.08543749903328716,160.0,xvla,3528.9501953125,,,,,,sync_hold,holdout,0.8,4,libero_spatial
,0.7238909152949636,fixed_0000,0.0891274360474199,0.09656487414613366,,,0.0,18.71585376385216,5,,,367.16336582055243,0.0,0.08170749805867672,0.08855188312008977,160.0,xvla,3520.8251953125,,,,,,sync_hold,holdout,0.8,4,libero_spatial
,0.6130139255224524,fixed_0250,0.3390161490533501,0.34333202610723673,,,0.0,15.861990788873864,5,,,369.91881809184997,0.0,0.0810988750308752,0.08509405497461557,160.0,xvla,3528.9501953125,,,,,,sync_hold,holdout,0.8,4,libero_spatial
,0.42826582647561173,fixed_0950,1.0401621079072356,1.0443013946991413,,,0.0,11.097160294363114,5,,,363.90568482453784,0.0,0.08243894297629595,0.08659483455121517,160.0,xvla,3528.9501953125,,,,,,sync_hold,holdout,0.8,4,libero_spatial
,0.4641261372647497,jitter_0600_pm0400_holdout,0.8698975201696157,0.9416759027633816,,,0.0,12.025950034092238,5,,,364.17223512440904,0.0,0.0823786030523479,0.08808364716824144,160.0,xvla,3528.9501953125,,,,,,sync_hold,holdout,0.8,4,libero_spatial
