run_id,family,state,fault_global_ordinal,fault_request_id,fault_finished_utc_ns,episode_stop_utc_ns,later_rpc_attempt_exists,next_request_id,next_attempt_outcome,next_start_utc_ns,next_finish_utc_ns,next_budget_s,connection_before,connection_after,usable_observed_response_opportunity,terminal_edge,later_success,cancellation_phase,classification,terminal_reason,source_run_manifest,source_run_manifest_sha256
19,Object,25,7,791a82f700b444a0b77f5cb65d470d01,1789812335964354317,1789812344187711120,True,0796418d390149d7880e86ded950f485,success,1789812336015289329,1789812336140636311,15.0,b6e5a122373d4268ba9ecce3f8b4df3c,a36cb34c5f324483a6ec9df41b6423d9,True,False,True,,recovery_observable,,run_019_object5_state25_periodic_pre_inference_disconnect/evidence_manifest.sha256,ccba2f8d9c6aaff467947c2c65f8c95bc54c9ef679f9269ccbd64808d27942f3
19,Object,25,14,028f239ca5774647a1d9afc53a1b4c85,1789812336728291613,1789812344187711120,True,555ffa9f9c89471f93519ea3639abd83,success,1789812336779226940,1789812336905887638,15.0,a36cb34c5f324483a6ec9df41b6423d9,65ee76b5370d439fbac2cec88ed35739,True,False,True,,recovery_observable,,run_019_object5_state25_periodic_pre_inference_disconnect/evidence_manifest.sha256,ccba2f8d9c6aaff467947c2c65f8c95bc54c9ef679f9269ccbd64808d27942f3
19,Object,25,21,756464c0883442ccb82ca7099e0baf31,1789812337516337097,1789812344187711120,True,d74b1f086c9b4b9288c45513efd770e7,success,1789812337569133777,1789812337697645902,15.0,65ee76b5370d439fbac2cec88ed35739,e057c13c83d046f4b6d1a3e7cbcdaa0d,True,False,True,,recovery_observable,,run_019_object5_state25_periodic_pre_inference_disconnect/evidence_manifest.sha256,ccba2f8d9c6aaff467947c2c65f8c95bc54c9ef679f9269ccbd64808d27942f3
19,Object,25,28,fcf33dab726d4b628f9f8bb650daa272,1789812338308245315,1789812344187711120,True,504f214b030b433ab49e40c90b233bd9,success,1789812338359018398,1789812338467052608,15.0,e057c13c83d046f4b6d1a3e7cbcdaa0d,ef13d4e8b6c64ab4bf7de0cae1a4b498,True,False,True,,recovery_observable,,run_019_object5_state25_periodic_pre_inference_disconnect/evidence_manifest.sha256,ccba2f8d9c6aaff467947c2c65f8c95bc54c9ef679f9269ccbd64808d27942f3
19,Object,25,35,a44e1291a84947ba878910798714c6a0,1789812339076388494,1789812344187711120,True,51d63c2c871642f8804a7d0043bf2f9f,success,1789812339127144605,1789812339222515995,15.0,ef13d4e8b6c64ab4bf7de0cae1a4b498,5ad2ec6561cf452cabba285771756b6c,True,False,True,,recovery_observable,,run_019_object5_state25_periodic_pre_inference_disconnect/evidence_manifest.sha256,ccba2f8d9c6aaff467947c2c65f8c95bc54c9ef679f9269ccbd64808d27942f3
19,Object,25,42,c33da77c476d4f0f977afe60a40588ff,1789812339796348383,1789812344187711120,True,f39d0589b4ce4598822f6cf0eeed6f23,success,1789812339847205389,1789812339977992617,15.0,5ad2ec6561cf452cabba285771756b6c,f5d4a4b3c8e6407392e4ff842d25217c,True,False,True,,recovery_observable,,run_019_object5_state25_periodic_pre_inference_disconnect/evidence_manifest.sha256,ccba2f8d9c6aaff467947c2c65f8c95bc54c9ef679f9269ccbd64808d27942f3
19,Object,25,49,ec3c2c490c294a7e9d8b3715b79fdd11,1789812340576364904,1789812344187711120,True,b51d2dc050fe493899510f30b9791214,success,1789812340627234130,1789812340753629170,15.0,f5d4a4b3c8e6407392e4ff842d25217c,532630262c644d41a96560c680e4d571,True,False,True,,recovery_observable,,run_019_object5_state25_periodic_pre_inference_disconnect/evidence_manifest.sha256,ccba2f8d9c6aaff467947c2c65f8c95bc54c9ef679f9269ccbd64808d27942f3
19,Object,25,56,838522481c4a455caccb4a7344738617,1789812341340332686,1789812344187711120,True,d1b6631bc3204403a7fe80d4418f6ec3,success,1789812341391214848,1789812341531585906,15.0,532630262c644d41a96560c680e4d571,6a260868488a4098bddc26685d2bea94,True,False,True,,recovery_observable,,run_019_object5_state25_periodic_pre_inference_disconnect/evidence_manifest.sha256,ccba2f8d9c6aaff467947c2c65f8c95bc54c9ef679f9269ccbd64808d27942f3
19,Object,25,63,55cd8928b4c74fa59d37a3bb6bb431dc,1789812342132276378,1789812344187711120,True,52b8112deaa247a993ae5a2374ef686c,success,1789812342183111766,1789812342291742568,15.0,6a260868488a4098bddc26685d2bea94,c666197934ca4755bb0f6cdbb546d727,True,False,True,,recovery_observable,,run_019_object5_state25_periodic_pre_inference_disconnect/evidence_manifest.sha256,ccba2f8d9c6aaff467947c2c65f8c95bc54c9ef679f9269ccbd64808d27942f3
19,Object,25,70,24b75a94f03f4d978d50ef5d8b45ea42,1789812342872254739,1789812344187711120,True,0716e18c9e02455c914dd1ca1e73e677,success,1789812342923225432,1789812343052581654,15.0,c666197934ca4755bb0f6cdbb546d727,6397ef9a049b441fa64c08380d455e28,True,False,True,,recovery_observable,,run_019_object5_state25_periodic_pre_inference_disconnect/evidence_manifest.sha256,ccba2f8d9c6aaff467947c2c65f8c95bc54c9ef679f9269ccbd64808d27942f3
19,Object,25,77,73e6a724dbfc44bc901a3ed9e1385230,1789812343652345474,1789812344187711120,True,2d57a64a051b49f0819c1ccd4805b5a3,success,1789812343703183958,1789812343838322667,15.0,6397ef9a049b441fa64c08380d455e28,6a772535fe3440fd90cfea28db9f0c4e,True,False,True,,recovery_observable,,run_019_object5_state25_periodic_pre_inference_disconnect/evidence_manifest.sha256,ccba2f8d9c6aaff467947c2c65f8c95bc54c9ef679f9269ccbd64808d27942f3
23,Object,26,7,7763be31be5f48b193537f96147bb354,1789812595716484890,1789812603487304393,True,bb47d79bc97341f89de7b86bcff6f453,success,1789812595767657180,1789812595873854262,15.0,a56e8c2379c54b63872542df36a1467e,a5c461c29b4045b3808382904e98a640,True,False,True,,recovery_observable,,run_023_object5_state26_periodic_pre_inference_disconnect/evidence_manifest.sha256,ff116cb0518f4ded70845e99935edbe178da275c94c5167d953877590736682f
23,Object,26,14,2f2d351535a54a53b32d27d6ac5b3d1e,1789812596468358937,1789812603487304393,True,711b0103145343ce8cb64af2f3dd5f1a,success,1789812596519139507,1789812596639269443,15.0,a5c461c29b4045b3808382904e98a640,51529e2de92141e6bf9aad248e71ee12,True,False,True,,recovery_observable,,run_023_object5_state26_periodic_pre_inference_disconnect/evidence_manifest.sha256,ff116cb0518f4ded70845e99935edbe178da275c94c5167d953877590736682f
23,Object,26,21,816d5699fddc46c6b220210cbe3fac61,1789812597240357545,1789812603487304393,True,aa927c2cf9d5430cab00293c64238957,success,1789812597291151518,1789812597422115790,15.0,51529e2de92141e6bf9aad248e71ee12,020bb3d9cf5247dc87b853c26bd96d76,True,False,True,,recovery_observable,,run_023_object5_state26_periodic_pre_inference_disconnect/evidence_manifest.sha256,ff116cb0518f4ded70845e99935edbe178da275c94c5167d953877590736682f
23,Object,26,28,8c079a46c02344709e16527e2deab755,1789812598036534239,1789812603487304393,True,565f4118b6514179abb09ccf4cf01ebc,success,1789812598088621477,1789812598218304636,15.0,020bb3d9cf5247dc87b853c26bd96d76,2630b9f9285f48f0ad19607a40f61ae8,True,False,True,,recovery_observable,,run_023_object5_state26_periodic_pre_inference_disconnect/evidence_manifest.sha256,ff116cb0518f4ded70845e99935edbe178da275c94c5167d953877590736682f
23,Object,26,35,90e3461d96fd4dd391cc141c28575937,1789812598824328937,1789812603487304393,True,5f6f53d6355547c6b87c9198be962aa2,success,1789812598875101232,1789812598978095299,15.0,2630b9f9285f48f0ad19607a40f61ae8,48909636d86543a48e5b3707afca2271,True,False,True,,recovery_observable,,run_023_object5_state26_periodic_pre_inference_disconnect/evidence_manifest.sha256,ff116cb0518f4ded70845e99935edbe178da275c94c5167d953877590736682f
23,Object,26,42,0fa655804a904e61acd78a80e6eecc1c,1789812599560404247,1789812603487304393,True,73bda0802d754822842c990e77357904,success,1789812599611170121,1789812599713167394,15.0,48909636d86543a48e5b3707afca2271,a90b876144104bf19d8c297b0fc69fe1,True,False,True,,recovery_observable,,run_023_object5_state26_periodic_pre_inference_disconnect/evidence_manifest.sha256,ff116cb0518f4ded70845e99935edbe178da275c94c5167d953877590736682f
23,Object,26,49,a53bf2ad2a2442109538955a9ae87a42,1789812600300318698,1789812603487304393,True,15b67c9faaa7406aa04c930ddd8da0f3,success,1789812600351138476,1789812600467731025,15.0,a90b876144104bf19d8c297b0fc69fe1,01c60c5232724a079f75b33b231137ad,True,False,True,,recovery_observable,,run_023_object5_state26_periodic_pre_inference_disconnect/evidence_manifest.sha256,ff116cb0518f4ded70845e99935edbe178da275c94c5167d953877590736682f
23,Object,26,56,d9b1317a9d604badb261085a41836544,1789812601068397454,1789812603487304393,True,138cf0aa8ec5498db3f396fb52ace2a3,success,1789812601119232426,1789812601249051724,15.0,01c60c5232724a079f75b33b231137ad,59f87366752b4c679cde63f2df020706,True,False,True,,recovery_observable,,run_023_object5_state26_periodic_pre_inference_disconnect/evidence_manifest.sha256,ff116cb0518f4ded70845e99935edbe178da275c94c5167d953877590736682f
23,Object,26,63,660f89ff824941e497ff66d49f665711,1789812601840421204,1789812603487304393,True,e2572681edb9499dadc884cded09455d,success,1789812601891678839,1789812602022818958,15.0,59f87366752b4c679cde63f2df020706,402c456c8ab146e198bf9718a2dd259a,True,False,True,,recovery_observable,,run_023_object5_state26_periodic_pre_inference_disconnect/evidence_manifest.sha256,ff116cb0518f4ded70845e99935edbe178da275c94c5167d953877590736682f
23,Object,26,70,27ce675339ea4629a52080a02d7bda8e,1789812602652403793,1789812603487304393,True,24fe67792d654fd68d8d35a51f6f5e37,success,1789812602703411154,1789812602809773904,15.0,402c456c8ab146e198bf9718a2dd259a,44c93f8ec14f4671abe83df2e3e6f67f,True,False,True,,recovery_observable,,run_023_object5_state26_periodic_pre_inference_disconnect/evidence_manifest.sha256,ff116cb0518f4ded70845e99935edbe178da275c94c5167d953877590736682f
23,Object,26,77,afcdc5266de6428b8eda97927e520195,1789812603396426308,1789812603487304393,True,7ee646edd0c34b55a31c3c99c4caef8e,cancelled,1789812603447335621,1789812603487837936,15.0,44c93f8ec14f4671abe83df2e3e6f67f,655cc74223d544a3862b22ad2ef2ee73,False,True,False,inference,terminal_edge,stop_cancelled_after_rpc_admission,run_023_object5_state26_periodic_pre_inference_disconnect/evidence_manifest.sha256,ff116cb0518f4ded70845e99935edbe178da275c94c5167d953877590736682f
27,Object,27,7,63796ed6aff24292984a617d3eef631a,1789812837248074022,1789812844359235692,True,a51fa491d57f4f56b09e92d71c259c65,success,1789812837299114165,1789812837413268666,15.0,3f83622d1c4442438ecaba2a5a0ec456,cb4449875b6b43bc8f39cb75e198ecb6,True,False,True,,recovery_observable,,run_027_object5_state27_periodic_pre_inference_disconnect/evidence_manifest.sha256,d9269baca69e9ef28cea1418d898d1c786094ff180c4f6bdd4c35b67fe7a2e3e
27,Object,27,14,c5bceebcd5ae4460abaf741c7394b474,1789812838072210328,1789812844359235692,True,7dd14dfe0d3241acb5c1955c5b4d4b44,success,1789812838124058778,1789812838229303083,15.0,cb4449875b6b43bc8f39cb75e198ecb6,57c0f7a3b68743b080b84b476efc4f6d,True,False,True,,recovery_observable,,run_027_object5_state27_periodic_pre_inference_disconnect/evidence_manifest.sha256,d9269baca69e9ef28cea1418d898d1c786094ff180c4f6bdd4c35b67fe7a2e3e
27,Object,27,21,e8424eb940b242a6ba6ed527d1ad60d9,1789812838848492222,1789812844359235692,True,42b0e779d18b46d4a5f9ce423e0a58af,success,1789812838899872560,1789812839012652519,15.0,57c0f7a3b68743b080b84b476efc4f6d,05c46a66e9fb497da7aff6671ff35e80,True,False,True,,recovery_observable,,run_027_object5_state27_periodic_pre_inference_disconnect/evidence_manifest.sha256,d9269baca69e9ef28cea1418d898d1c786094ff180c4f6bdd4c35b67fe7a2e3e
27,Object,27,28,40eb9686eaa24879a5c67cb56c6233fb,1789812839579986539,1789812844359235692,True,19b400842dbc4c57a77c1c15eb68ed15,success,1789812839630843321,1789812839731605169,15.0,05c46a66e9fb497da7aff6671ff35e80,b06c091c4f92495cbef84298f5d17b3f,True,False,True,,recovery_observable,,run_027_object5_state27_periodic_pre_inference_disconnect/evidence_manifest.sha256,d9269baca69e9ef28cea1418d898d1c786094ff180c4f6bdd4c35b67fe7a2e3e
27,Object,27,35,7fee4e9275f74b7298ebe486355e63fb,1789812840315990196,1789812844359235692,True,bf915dca70544b7ab5fcef406851278b,success,1789812840366807898,1789812840470017554,15.0,b06c091c4f92495cbef84298f5d17b3f,0df7a316386d4b6f8fa4e4381a747f41,True,False,True,,recovery_observable,,run_027_object5_state27_periodic_pre_inference_disconnect/evidence_manifest.sha256,d9269baca69e9ef28cea1418d898d1c786094ff180c4f6bdd4c35b67fe7a2e3e
27,Object,27,42,47b7d55845b24abcb9d585114a8ef6fd,1789812841047933589,1789812844359235692,True,4e073ba13f7342e68d42010b926842a5,success,1789812841098767703,1789812841199807670,15.0,0df7a316386d4b6f8fa4e4381a747f41,133e5a5b33054db487512375b402c815,True,False,True,,recovery_observable,,run_027_object5_state27_periodic_pre_inference_disconnect/evidence_manifest.sha256,d9269baca69e9ef28cea1418d898d1c786094ff180c4f6bdd4c35b67fe7a2e3e
27,Object,27,49,2c6632b8da8f4c97a6d7616004224816,1789812841779934241,1789812844359235692,True,f4023966bcf74c54bf2e1b6926194267,success,1789812841830838677,1789812841981935989,15.0,133e5a5b33054db487512375b402c815,08df84f17f2145869cfed6101393e7a9,True,False,True,,recovery_observable,,run_027_object5_state27_periodic_pre_inference_disconnect/evidence_manifest.sha256,d9269baca69e9ef28cea1418d898d1c786094ff180c4f6bdd4c35b67fe7a2e3e
27,Object,27,56,8f5a65ff53224a17b3f8d22e3952e988,1789812842587966130,1789812844359235692,True,3a19c3d10b0d46c2bfd799a61fcd53be,success,1789812842638821080,1789812842743361074,15.0,08df84f17f2145869cfed6101393e7a9,2a68f519d5f343c390875c0ac69c25ed,True,False,True,,recovery_observable,,run_027_object5_state27_periodic_pre_inference_disconnect/evidence_manifest.sha256,d9269baca69e9ef28cea1418d898d1c786094ff180c4f6bdd4c35b67fe7a2e3e
27,Object,27,63,0903e44c95704feeb923c08300cba59e,1789812843336132121,1789812844359235692,True,6fb56c98d6134170bc65a870e0b6c5c2,success,1789812843386955454,1789812843515647268,15.0,2a68f519d5f343c390875c0ac69c25ed,c71aaf63022a4608ac8110e17de6d2b9,True,False,True,,recovery_observable,,run_027_object5_state27_periodic_pre_inference_disconnect/evidence_manifest.sha256,d9269baca69e9ef28cea1418d898d1c786094ff180c4f6bdd4c35b67fe7a2e3e
27,Object,27,70,6e8af68d516141d48a6254008938fc64,1789812844115995848,1789812844359235692,True,9d024214c9bf474d8dc599462a9950ff,success,1789812844166809754,1789812844280219499,15.0,c71aaf63022a4608ac8110e17de6d2b9,f76eee3a31cd4c3fa4e62814c0d8d419,True,False,True,,recovery_observable,,run_027_object5_state27_periodic_pre_inference_disconnect/evidence_manifest.sha256,d9269baca69e9ef28cea1418d898d1c786094ff180c4f6bdd4c35b67fe7a2e3e
31,Spatial,25,7,f771853fdcbf4abaabe749aec5b53da8,1789813086735674132,1789813097023206305,True,b9a0375a893b4707b85acffbfcabf18d,success,1789813086787411445,1789813086896686754,15.0,263b4360a83a445d9115735afe86ef34,fbf9e3fe573440099b6518bb6ba83a27,True,False,True,,recovery_observable,,run_031_spatial7_state25_periodic_pre_inference_disconnect/evidence_manifest.sha256,8b61284d2ceeb4b2b1afc8c8fb1a649548546c9850448531bf0052bbb1d2f9aa
31,Spatial,25,14,1c24818ba56a408ba956e7e82d7efb13,1789813087571483588,1789813097023206305,True,6c96b1c174a44b13aeb554b6666aa539,success,1789813087622553143,1789813087726089989,15.0,fbf9e3fe573440099b6518bb6ba83a27,036d0dde7a724dd4aeff9d6797c7a1a1,True,False,True,,recovery_observable,,run_031_spatial7_state25_periodic_pre_inference_disconnect/evidence_manifest.sha256,8b61284d2ceeb4b2b1afc8c8fb1a649548546c9850448531bf0052bbb1d2f9aa
31,Spatial,25,21,f9dabdcc113c4c2aad1536e7b6ad10bf,1789813088319401098,1789813097023206305,True,94602e34dc584654b1e05fecd89e0f35,success,1789813088370195456,1789813088473656997,15.0,036d0dde7a724dd4aeff9d6797c7a1a1,9aebad31f6e240828540bdb5cb3da899,True,False,True,,recovery_observable,,run_031_spatial7_state25_periodic_pre_inference_disconnect/evidence_manifest.sha256,8b61284d2ceeb4b2b1afc8c8fb1a649548546c9850448531bf0052bbb1d2f9aa
31,Spatial,25,28,76973eba37b0413983729fa58c1bd92c,1789813089023321999,1789813097023206305,True,a903d2ad742b4e77abc59d3a88efdeed,success,1789813089073906451,1789813089175926897,15.0,9aebad31f6e240828540bdb5cb3da899,0830c3cfcb53480584eb2dd7564e0eb1,True,False,True,,recovery_observable,,run_031_spatial7_state25_periodic_pre_inference_disconnect/evidence_manifest.sha256,8b61284d2ceeb4b2b1afc8c8fb1a649548546c9850448531bf0052bbb1d2f9aa
31,Spatial,25,35,13a5d28a7b20414d98db2671574dc0b0,1789813089743523304,1789813097023206305,True,b549e0ff5fec47538b49a0cbbbb8ddb0,success,1789813089794596206,1789813089896119479,15.0,0830c3cfcb53480584eb2dd7564e0eb1,9f65f0706c9f4ccdb63200479ed20019,True,False,True,,recovery_observable,,run_031_spatial7_state25_periodic_pre_inference_disconnect/evidence_manifest.sha256,8b61284d2ceeb4b2b1afc8c8fb1a649548546c9850448531bf0052bbb1d2f9aa
31,Spatial,25,42,5e6e5346f4504cc1a873aaa95f4b0804,1789813090487449525,1789813097023206305,True,3ee403b50ec44d088aa3c2bc030e52a1,success,1789813090538341381,1789813090652499431,15.0,9f65f0706c9f4ccdb63200479ed20019,88ec4d4131a84d66a02ee75496ef6319,True,False,True,,recovery_observable,,run_031_spatial7_state25_periodic_pre_inference_disconnect/evidence_manifest.sha256,8b61284d2ceeb4b2b1afc8c8fb1a649548546c9850448531bf0052bbb1d2f9aa
31,Spatial,25,49,60de20a947544d1c986d929a4d5af628,1789813091235636439,1789813097023206305,True,a590d8bfc1944324837fcde7f460fa0e,success,1789813091286603854,1789813091384618934,15.0,88ec4d4131a84d66a02ee75496ef6319,960b88e74cb84c3a9f30c2e623fa23a7,True,False,True,,recovery_observable,,run_031_spatial7_state25_periodic_pre_inference_disconnect/evidence_manifest.sha256,8b61284d2ceeb4b2b1afc8c8fb1a649548546c9850448531bf0052bbb1d2f9aa
31,Spatial,25,56,96e7ae2c62de40c58f7d884913ee256e,1789813091939438430,1789813097023206305,True,1caa9ca828e7495fa251f9a1d21fb7c1,success,1789813091990319649,1789813092100896004,15.0,960b88e74cb84c3a9f30c2e623fa23a7,cd37bf770b8e41e19491514e57afb52c,True,False,True,,recovery_observable,,run_031_spatial7_state25_periodic_pre_inference_disconnect/evidence_manifest.sha256,8b61284d2ceeb4b2b1afc8c8fb1a649548546c9850448531bf0052bbb1d2f9aa
31,Spatial,25,63,02aa1e633ac54a7c929ffc16b208adc6,1789813092691319658,1789813097023206305,True,35d15a1b8eb945939d6dfe3c6c0ea5d2,success,1789813092741866800,1789813092849375071,15.0,cd37bf770b8e41e19491514e57afb52c,117db858a0294c40b2219c8eeaa6ae84,True,False,True,,recovery_observable,,run_031_spatial7_state25_periodic_pre_inference_disconnect/evidence_manifest.sha256,8b61284d2ceeb4b2b1afc8c8fb1a649548546c9850448531bf0052bbb1d2f9aa
31,Spatial,25,70,65b8c96612b04912ae26452dacefa7b4,1789813093411351442,1789813097023206305,True,553c38ef7adb4ad5ad3669721c813d5a,success,1789813093462101033,1789813093567808420,15.0,117db858a0294c40b2219c8eeaa6ae84,6c15bbe74489472386bda2f2514d4a0c,True,False,True,,recovery_observable,,run_031_spatial7_state25_periodic_pre_inference_disconnect/evidence_manifest.sha256,8b61284d2ceeb4b2b1afc8c8fb1a649548546c9850448531bf0052bbb1d2f9aa
31,Spatial,25,77,88acbb3c677749b69b85c65fab7ad06d,1789813094111450627,1789813097023206305,True,aadb09e18bfc4ed6b7e32d9ee1cfbcb6,success,1789813094162181425,1789813094290834672,15.0,6c15bbe74489472386bda2f2514d4a0c,d8cc0d246bc64cc09051abbef1db2126,True,False,True,,recovery_observable,,run_031_spatial7_state25_periodic_pre_inference_disconnect/evidence_manifest.sha256,8b61284d2ceeb4b2b1afc8c8fb1a649548546c9850448531bf0052bbb1d2f9aa
31,Spatial,25,84,402f8f13286844fb953dba2d93cd9427,1789813094855372629,1789813097023206305,True,7e4a2f44f035480da640ddb2bae9d854,success,1789813094906299887,1789813095037639261,15.0,d8cc0d246bc64cc09051abbef1db2126,eda51bc7bb71462fabebc2df14b0e1c8,True,False,True,,recovery_observable,,run_031_spatial7_state25_periodic_pre_inference_disconnect/evidence_manifest.sha256,8b61284d2ceeb4b2b1afc8c8fb1a649548546c9850448531bf0052bbb1d2f9aa
31,Spatial,25,91,9e068572e36140d893006e3f523ea78d,1789813095619288915,1789813097023206305,True,adad8fc93dde45889321619d8a7aea80,success,1789813095669969215,1789813095778860593,15.0,eda51bc7bb71462fabebc2df14b0e1c8,1a7f4a0fff8e4fca96c50fe79bc12989,True,False,True,,recovery_observable,,run_031_spatial7_state25_periodic_pre_inference_disconnect/evidence_manifest.sha256,8b61284d2ceeb4b2b1afc8c8fb1a649548546c9850448531bf0052bbb1d2f9aa
31,Spatial,25,98,4938114e9c624eb2b577d7b561700054,1789813096331417955,1789813097023206305,True,9d5e34b3c8f8454a8def6aa5eee2326b,success,1789813096382200697,1789813096502021157,15.0,1a7f4a0fff8e4fca96c50fe79bc12989,2ddda2fd947c4e30a4f317af3d06d804,True,False,True,,recovery_observable,,run_031_spatial7_state25_periodic_pre_inference_disconnect/evidence_manifest.sha256,8b61284d2ceeb4b2b1afc8c8fb1a649548546c9850448531bf0052bbb1d2f9aa
35,Spatial,26,7,1922177fb2484e59b0978c4a30268fb1,1789813354226354242,1789813362480108414,True,8fe10eb354284a9786883d2df9b5195e,success,1789813354277343950,1789813354394337104,15.0,4b897c6e43cc4f2da1781a3a356526dd,6ef01e674fe4489bb679f4d8f37bce12,True,False,True,,recovery_observable,,run_035_spatial7_state26_periodic_pre_inference_disconnect/evidence_manifest.sha256,77bf9bc2594b27ea31e625cf33109c3c68ef01a3d4c38b71e4ded842a251659b
35,Spatial,26,14,0197e404d18743cca337a56117d0b702,1789813355002255177,1789813362480108414,True,0c865b03185348b8ac590ce8430ab0c8,success,1789813355053236859,1789813355176015765,15.0,6ef01e674fe4489bb679f4d8f37bce12,49916a481de746378850a1876345aef9,True,False,True,,recovery_observable,,run_035_spatial7_state26_periodic_pre_inference_disconnect/evidence_manifest.sha256,77bf9bc2594b27ea31e625cf33109c3c68ef01a3d4c38b71e4ded842a251659b
35,Spatial,26,21,6f083c6ea0d4405fa4497ed0fc7964c1,1789813355822218453,1789813362480108414,True,680cc97294b54e8faf0b3acb28671b29,success,1789813355873045381,1789813355988873855,15.0,49916a481de746378850a1876345aef9,b26e1ff29f324fedbefe2891388e1458,True,False,True,,recovery_observable,,run_035_spatial7_state26_periodic_pre_inference_disconnect/evidence_manifest.sha256,77bf9bc2594b27ea31e625cf33109c3c68ef01a3d4c38b71e4ded842a251659b
35,Spatial,26,28,82f97664aebc49fc864b7e847b8976c4,1789813356618198727,1789813362480108414,True,cafb947a6360451b996c960b2ad9e57a,success,1789813356669014749,1789813356793096609,15.0,b26e1ff29f324fedbefe2891388e1458,c8b622dcee024c8283cc32895b646d3f,True,False,True,,recovery_observable,,run_035_spatial7_state26_periodic_pre_inference_disconnect/evidence_manifest.sha256,77bf9bc2594b27ea31e625cf33109c3c68ef01a3d4c38b71e4ded842a251659b
35,Spatial,26,35,028e10fbbd3348d4a6a1eebb53df675a,1789813357430236219,1789813362480108414,True,2de734eb39954f55acc2b6c4c7ddfb63,success,1789813357481099633,1789813357594568870,15.0,c8b622dcee024c8283cc32895b646d3f,3345a09e325d4ba9aaa4452cad74f8d7,True,False,True,,recovery_observable,,run_035_spatial7_state26_periodic_pre_inference_disconnect/evidence_manifest.sha256,77bf9bc2594b27ea31e625cf33109c3c68ef01a3d4c38b71e4ded842a251659b
35,Spatial,26,42,b67a55a1db2d41fa8275401288ec9f44,1789813358174283738,1789813362480108414,True,21404fbcaeac4f92a9ea463a25fc2104,success,1789813358225277451,1789813358337156533,15.0,3345a09e325d4ba9aaa4452cad74f8d7,14c46e5e226542eeb33d8b02817d1a92,True,False,True,,recovery_observable,,run_035_spatial7_state26_periodic_pre_inference_disconnect/evidence_manifest.sha256,77bf9bc2594b27ea31e625cf33109c3c68ef01a3d4c38b71e4ded842a251659b
35,Spatial,26,49,fca98ba764df4d58b2d6736a6d55d1b6,1789813358922269028,1789813362480108414,True,4d29b722e74742008082e1ebc34401ae,success,1789813358973292910,1789813359094491626,15.0,14c46e5e226542eeb33d8b02817d1a92,e03fdb1f01914a01a2a45e7094f82b5f,True,False,True,,recovery_observable,,run_035_spatial7_state26_periodic_pre_inference_disconnect/evidence_manifest.sha256,77bf9bc2594b27ea31e625cf33109c3c68ef01a3d4c38b71e4ded842a251659b
35,Spatial,26,56,e50975bae28640c3bad86ea554f0e31e,1789813359746166118,1789813362480108414,True,e11891fc6cd344f59c403564a58c6a59,success,1789813359797173467,1789813359908131976,15.0,e03fdb1f01914a01a2a45e7094f82b5f,47803af9f9f64457a75f44c57853fd93,True,False,True,,recovery_observable,,run_035_spatial7_state26_periodic_pre_inference_disconnect/evidence_manifest.sha256,77bf9bc2594b27ea31e625cf33109c3c68ef01a3d4c38b71e4ded842a251659b
35,Spatial,26,63,fe9353490c644f519758587f679823f7,1789813360486299381,1789813362480108414,True,ce2ebbec24834acaafb13eb3a135da53,success,1789813360537608216,1789813360641047953,15.0,47803af9f9f64457a75f44c57853fd93,a659496de76c4d7b8eea4b50165266f9,True,False,True,,recovery_observable,,run_035_spatial7_state26_periodic_pre_inference_disconnect/evidence_manifest.sha256,77bf9bc2594b27ea31e625cf33109c3c68ef01a3d4c38b71e4ded842a251659b
35,Spatial,26,70,60b761e8bb2042409f7867714f050589,1789813361203207687,1789813362480108414,True,b28b257f59ab4e2aa774558f04235ce8,success,1789813361254191436,1789813361355027342,15.0,a659496de76c4d7b8eea4b50165266f9,786d3376b948423b9227b0bf249785dd,True,False,True,,recovery_observable,,run_035_spatial7_state26_periodic_pre_inference_disconnect/evidence_manifest.sha256,77bf9bc2594b27ea31e625cf33109c3c68ef01a3d4c38b71e4ded842a251659b
35,Spatial,26,77,231814262c3e4b6096449accd2b65ac4,1789813361934235952,1789813362480108414,True,7bce3b60eb4e4a06aab0181a9e9b2867,success,1789813361985103165,1789813362103362765,15.0,786d3376b948423b9227b0bf249785dd,ecf33cead8b94d46810ca9770597e8fd,True,False,True,,recovery_observable,,run_035_spatial7_state26_periodic_pre_inference_disconnect/evidence_manifest.sha256,77bf9bc2594b27ea31e625cf33109c3c68ef01a3d4c38b71e4ded842a251659b
39,Spatial,27,7,bcdf6086ec174a14b75bf0c9b28eca3e,1789813601712738279,1789813616451904065,True,5310e49e3ff444c0bef19017326d5faf,success,1789813601763786026,1789813601878976880,15.0,f96dfc1aa135490dad54c8115201a7b3,97bb0569e50248a3bca3208e4d132cbe,True,False,True,,recovery_observable,,run_039_spatial7_state27_periodic_pre_inference_disconnect/evidence_manifest.sha256,5553ab4799114cc6055e8d05b43e95da146010cedc2e246dea4bb65f28b18ada
39,Spatial,27,14,5da369817cf3411db108fe7fa38c905e,1789813602484646467,1789813616451904065,True,78edf56fcd8a4543a0ff848b17b3861e,success,1789813602535478430,1789813602637646896,15.0,97bb0569e50248a3bca3208e4d132cbe,3e4542b5da4946f19ebf6b6e3a489127,True,False,True,,recovery_observable,,run_039_spatial7_state27_periodic_pre_inference_disconnect/evidence_manifest.sha256,5553ab4799114cc6055e8d05b43e95da146010cedc2e246dea4bb65f28b18ada
39,Spatial,27,21,11d921c3947f431f972c0c291721cabe,1789813603220604603,1789813616451904065,True,670cc62f92614f6694f34374c1a4411e,success,1789813603271398958,1789813603372866808,15.0,3e4542b5da4946f19ebf6b6e3a489127,9014b5b214ff4ae992f8f40c91baaad7,True,False,True,,recovery_observable,,run_039_spatial7_state27_periodic_pre_inference_disconnect/evidence_manifest.sha256,5553ab4799114cc6055e8d05b43e95da146010cedc2e246dea4bb65f28b18ada
39,Spatial,27,28,372105ae81eb464d929c95174890721e,1789813603964602492,1789813616451904065,True,4578be70fa1642c3a02caee3c9ac8c96,success,1789813604015384478,1789813604138259137,15.0,9014b5b214ff4ae992f8f40c91baaad7,349ef1a10074469e97fe58e2f6af5983,True,False,True,,recovery_observable,,run_039_spatial7_state27_periodic_pre_inference_disconnect/evidence_manifest.sha256,5553ab4799114cc6055e8d05b43e95da146010cedc2e246dea4bb65f28b18ada
39,Spatial,27,35,23f20f00fada40b1befba6ef40006350,1789813604736646531,1789813616451904065,True,7a4e2d8863494f65afe596e824c18f50,success,1789813604787551095,1789813604902241962,15.0,349ef1a10074469e97fe58e2f6af5983,9bbf69dff921452e9e8ed31995ab60e0,True,False,True,,recovery_observable,,run_039_spatial7_state27_periodic_pre_inference_disconnect/evidence_manifest.sha256,5553ab4799114cc6055e8d05b43e95da146010cedc2e246dea4bb65f28b18ada
39,Spatial,27,42,9b87704427264e038b6df20b5023027d,1789813605520656999,1789813616451904065,True,057a4e971a954f59a4fcd9e8f6ae22d4,success,1789813605571865593,1789813605675534023,15.0,9bbf69dff921452e9e8ed31995ab60e0,56a569ea75b24a828cea72c39ddce626,True,False,True,,recovery_observable,,run_039_spatial7_state27_periodic_pre_inference_disconnect/evidence_manifest.sha256,5553ab4799114cc6055e8d05b43e95da146010cedc2e246dea4bb65f28b18ada
39,Spatial,27,49,e6ca473e0f3e438fbc0e62a708f5ad85,1789813606268553966,1789813616451904065,True,d9a1f0f3fe744047a25033f9aead7417,success,1789813606319358847,1789813606427513003,15.0,56a569ea75b24a828cea72c39ddce626,14b4e36706c24b35a2552b3dd12122a4,True,False,True,,recovery_observable,,run_039_spatial7_state27_periodic_pre_inference_disconnect/evidence_manifest.sha256,5553ab4799114cc6055e8d05b43e95da146010cedc2e246dea4bb65f28b18ada
39,Spatial,27,56,78349500d03946bfa377be920366b583,1789813607036962171,1789813616451904065,True,ea7436b1d8f04694a36b1b291c7f3b07,success,1789813607087965065,1789813607203546483,15.0,14b4e36706c24b35a2552b3dd12122a4,1f9c91d0021e427c96deaaacd0f8924b,True,False,True,,recovery_observable,,run_039_spatial7_state27_periodic_pre_inference_disconnect/evidence_manifest.sha256,5553ab4799114cc6055e8d05b43e95da146010cedc2e246dea4bb65f28b18ada
39,Spatial,27,63,832d2a2aaa6c4525a932e16b3e7fd004,1789813607772634990,1789813616451904065,True,2f6ba5e5f8574f4dafc0d5b2d0dc7caa,success,1789813607823493126,1789813607951376229,15.0,1f9c91d0021e427c96deaaacd0f8924b,631a1057e691450283b02c41fdf98b81,True,False,True,,recovery_observable,,run_039_spatial7_state27_periodic_pre_inference_disconnect/evidence_manifest.sha256,5553ab4799114cc6055e8d05b43e95da146010cedc2e246dea4bb65f28b18ada
39,Spatial,27,70,1c147d35f3fb40db987ab012eabbc0c1,1789813608572645861,1789813616451904065,True,b32e6768d4b24178928a32d0044a7e0f,success,1789813608623560643,1789813608761860796,15.0,631a1057e691450283b02c41fdf98b81,290e5a4d347b4ef9b3f0f2dc4fcee811,True,False,True,,recovery_observable,,run_039_spatial7_state27_periodic_pre_inference_disconnect/evidence_manifest.sha256,5553ab4799114cc6055e8d05b43e95da146010cedc2e246dea4bb65f28b18ada
39,Spatial,27,77,bb5596867b5849a8a4d0cd1c914dccb1,1789813609350176133,1789813616451904065,True,3536ee89923142d588ab2169faba54c4,success,1789813609401477691,1789813609545341579,15.0,290e5a4d347b4ef9b3f0f2dc4fcee811,f723b3be77a5461f8fb378e613e235dc,True,False,True,,recovery_observable,,run_039_spatial7_state27_periodic_pre_inference_disconnect/evidence_manifest.sha256,5553ab4799114cc6055e8d05b43e95da146010cedc2e246dea4bb65f28b18ada
39,Spatial,27,84,c71c2ae81c764f6ba6988883851dd5d6,1789813610144839946,1789813616451904065,True,9ee54e76a5a548739ea73a980d4c0ca9,success,1789813610197585754,1789813610310675395,15.0,f723b3be77a5461f8fb378e613e235dc,ddd3678d72fe4091bc6c46f3bb27e667,True,False,True,,recovery_observable,,run_039_spatial7_state27_periodic_pre_inference_disconnect/evidence_manifest.sha256,5553ab4799114cc6055e8d05b43e95da146010cedc2e246dea4bb65f28b18ada
39,Spatial,27,91,ffa972af0aa44923889bd9d5338b4c1f,1789813610920693142,1789813616451904065,True,8d2f6a79001c4f3785f6cc5ac2cb5480,success,1789813610971533576,1789813611095185695,15.0,ddd3678d72fe4091bc6c46f3bb27e667,976717ecc8c24350ae142db864cfb09d,True,False,True,,recovery_observable,,run_039_spatial7_state27_periodic_pre_inference_disconnect/evidence_manifest.sha256,5553ab4799114cc6055e8d05b43e95da146010cedc2e246dea4bb65f28b18ada
39,Spatial,27,98,c753f3e01c714660ad00ab738abf8262,1789813611764802070,1789813616451904065,True,ac7c0a415f5d4559ae0f58886d9ad1dd,success,1789813611816231768,1789813611918800008,15.0,976717ecc8c24350ae142db864cfb09d,5346ca71a3a2457d9382943399201c92,True,False,True,,recovery_observable,,run_039_spatial7_state27_periodic_pre_inference_disconnect/evidence_manifest.sha256,5553ab4799114cc6055e8d05b43e95da146010cedc2e246dea4bb65f28b18ada
39,Spatial,27,105,947e72d039dd4ba8b290d22dac25a44b,1789813612516762706,1789813616451904065,True,d5f708e308bf43619b4127ecde62d9ab,success,1789813612568175288,1789813612672519963,15.0,5346ca71a3a2457d9382943399201c92,a4a66bbb8be74a6e935b1381ac4d09fd,True,False,True,,recovery_observable,,run_039_spatial7_state27_periodic_pre_inference_disconnect/evidence_manifest.sha256,5553ab4799114cc6055e8d05b43e95da146010cedc2e246dea4bb65f28b18ada
39,Spatial,27,112,bd69557cda6c4799bd746fb1bb98768e,1789813613264562062,1789813616451904065,True,fb332ef91440440ea1bad0fda6a621bc,success,1789813613315386109,1789813613430527104,15.0,a4a66bbb8be74a6e935b1381ac4d09fd,751baeef93564dbf855cedcd67114ab0,True,False,True,,recovery_observable,,run_039_spatial7_state27_periodic_pre_inference_disconnect/evidence_manifest.sha256,5553ab4799114cc6055e8d05b43e95da146010cedc2e246dea4bb65f28b18ada
39,Spatial,27,119,c073780669ed428486b13dbae9994000,1789813614032543568,1789813616451904065,True,53ba1d1742f9424697a6a56a8a8f4422,success,1789813614083353411,1789813614210998363,15.0,751baeef93564dbf855cedcd67114ab0,c9ac6c8427ea473899bf78bf71101c70,True,False,True,,recovery_observable,,run_039_spatial7_state27_periodic_pre_inference_disconnect/evidence_manifest.sha256,5553ab4799114cc6055e8d05b43e95da146010cedc2e246dea4bb65f28b18ada
39,Spatial,27,126,fcb9b0a6db7d477c83b83aa16fce91e2,1789813614817149548,1789813616451904065,True,ab5343b30f444536ac024aedba915523,success,1789813614868693572,1789813615006217040,15.0,c9ac6c8427ea473899bf78bf71101c70,69bd4c14a40749bcbbe4e74a63ff6d15,True,False,True,,recovery_observable,,run_039_spatial7_state27_periodic_pre_inference_disconnect/evidence_manifest.sha256,5553ab4799114cc6055e8d05b43e95da146010cedc2e246dea4bb65f28b18ada
39,Spatial,27,133,77b20d88a7c648cb8b2c10fddc2a5804,1789813615624615768,1789813616451904065,True,379e5c71ee554263b12604f2b481773f,success,1789813615675403202,1789813615793357620,15.0,69bd4c14a40749bcbbe4e74a63ff6d15,581af206ed794ba0a936a7f72a606983,True,False,True,,recovery_observable,,run_039_spatial7_state27_periodic_pre_inference_disconnect/evidence_manifest.sha256,5553ab4799114cc6055e8d05b43e95da146010cedc2e246dea4bb65f28b18ada
39,Spatial,27,140,9afa36962acd4071b929239cea2ae91e,1789813616400509547,1789813616451904065,False,,,,,,581af206ed794ba0a936a7f72a606983,,False,True,False,provider_reset,terminal_edge,stop_cancelled_provider_reset_before_rpc_admission,run_039_spatial7_state27_periodic_pre_inference_disconnect/evidence_manifest.sha256,5553ab4799114cc6055e8d05b43e95da146010cedc2e246dea4bb65f28b18ada
43,Goal,25,7,25d140f1fc574c8fbaa15eaf01c6de6d,1789813837573223018,1789813842951644658,True,a373038305904124a54da40bc3e411e1,success,1789813837625097611,1789813837754179057,15.0,853a3c96522842bfb90d689835c56050,1aedfe91caea4fc89404ccddf70c530f,True,False,True,,recovery_observable,,run_043_goal2_state25_periodic_pre_inference_disconnect/evidence_manifest.sha256,40e88a8f3dc7bb725a2699f153a6a63db951c110c1b96e8aa220fbc64a3d5220
43,Goal,25,14,431679a02cb94ec49ac06b6fb009f263,1789813838360986196,1789813842951644658,True,644eb187c4cd4808a9fb8d00a6e7ebeb,success,1789813838412098757,1789813838524559854,15.0,1aedfe91caea4fc89404ccddf70c530f,76dbc2f9ab1a4017a202bc6a0318942a,True,False,True,,recovery_observable,,run_043_goal2_state25_periodic_pre_inference_disconnect/evidence_manifest.sha256,40e88a8f3dc7bb725a2699f153a6a63db951c110c1b96e8aa220fbc64a3d5220
43,Goal,25,21,8526bf19973f4da785fc816fc67db791,1789813839160851352,1789813842951644658,True,7819d60cb5854c11b3dca46af118d79c,success,1789813839211748084,1789813839435718499,15.0,76dbc2f9ab1a4017a202bc6a0318942a,ce7d441b294d4bb28c82dd6d24ad06f2,True,False,True,,recovery_observable,,run_043_goal2_state25_periodic_pre_inference_disconnect/evidence_manifest.sha256,40e88a8f3dc7bb725a2699f153a6a63db951c110c1b96e8aa220fbc64a3d5220
43,Goal,25,28,6b423a4ace2641f0a7158a018e382418,1789813840033269747,1789813842951644658,True,5dbe8351e0ac40e8bf187f2b4959e162,success,1789813840083969828,1789813840203006061,15.0,ce7d441b294d4bb28c82dd6d24ad06f2,43d3052d27ea46d9ad0921dee1e44fc7,True,False,True,,recovery_observable,,run_043_goal2_state25_periodic_pre_inference_disconnect/evidence_manifest.sha256,40e88a8f3dc7bb725a2699f153a6a63db951c110c1b96e8aa220fbc64a3d5220
43,Goal,25,35,bd2e1801cfc04c3781f975b2a37f5165,1789813840788844434,1789813842951644658,True,e33c0f4d0e37463ca31f7ca8dea7a6e1,success,1789813840839815557,1789813840946786087,15.0,43d3052d27ea46d9ad0921dee1e44fc7,d02b37b709844c9293af6cd7cfb2170d,True,False,True,,recovery_observable,,run_043_goal2_state25_periodic_pre_inference_disconnect/evidence_manifest.sha256,40e88a8f3dc7bb725a2699f153a6a63db951c110c1b96e8aa220fbc64a3d5220
43,Goal,25,42,6d708a87c64f40999e4205b1af211e5d,1789813841668594432,1789813842951644658,True,44f5411884ef4639989b579fadb6128b,success,1789813841719696503,1789813841832604903,15.0,d02b37b709844c9293af6cd7cfb2170d,5fb7be31b4a8498797c90974c629b6de,True,False,True,,recovery_observable,,run_043_goal2_state25_periodic_pre_inference_disconnect/evidence_manifest.sha256,40e88a8f3dc7bb725a2699f153a6a63db951c110c1b96e8aa220fbc64a3d5220
43,Goal,25,49,1c31e9b8f19d43cf8f7176ada3dd2389,1789813842384611912,1789813842951644658,True,1c0d5cbc9eed4e7baed1436c9fc1b487,success,1789813842435076927,1789813842539397771,15.0,5fb7be31b4a8498797c90974c629b6de,970437351ea1463aa95d53dfd7913332,True,False,True,,recovery_observable,,run_043_goal2_state25_periodic_pre_inference_disconnect/evidence_manifest.sha256,40e88a8f3dc7bb725a2699f153a6a63db951c110c1b96e8aa220fbc64a3d5220
47,Goal,26,7,c454d149b5304d03b4efd6da47fc0a4a,1789814071554991640,1789814077203459782,True,66f75565758649ba8e554685ad0b33e2,success,1789814071606724547,1789814071713170129,15.0,407355041ab345609d420f9d74455546,3e7e44a03d3248d18f02a423aa850c07,True,False,True,,recovery_observable,,run_047_goal2_state26_periodic_pre_inference_disconnect/evidence_manifest.sha256,6fd16da30b95ca577ccfed9f1e0070fbc1520b7643b674fffe32638fde266780
47,Goal,26,14,e85b44aa9e904c0f83f9023db34c42dc,1789814072315072827,1789814077203459782,True,c3e13b9a2c6d4200a84a1eb8138b482d,success,1789814072366184151,1789814072504105564,15.0,3e7e44a03d3248d18f02a423aa850c07,4a3076bfc2ef4b6196de88ccd5ffa01b,True,False,True,,recovery_observable,,run_047_goal2_state26_periodic_pre_inference_disconnect/evidence_manifest.sha256,6fd16da30b95ca577ccfed9f1e0070fbc1520b7643b674fffe32638fde266780
47,Goal,26,21,f0c8273fd7324eb2813cd8139e67ee88,1789814073126937782,1789814077203459782,True,86f887fb3bac44e4afd9db50775a6bd5,success,1789814073179263768,1789814073303271513,15.0,4a3076bfc2ef4b6196de88ccd5ffa01b,5dd5d71a86a34e2aa2794d1166f1ca09,True,False,True,,recovery_observable,,run_047_goal2_state26_periodic_pre_inference_disconnect/evidence_manifest.sha256,6fd16da30b95ca577ccfed9f1e0070fbc1520b7643b674fffe32638fde266780
47,Goal,26,28,6a61157810aa493a89cce3605926f5ba,1789814073914544282,1789814077203459782,True,450773f810f44c75a11094728d31cb3b,success,1789814073965446763,1789814074103540689,15.0,5dd5d71a86a34e2aa2794d1166f1ca09,cc04ee78e1ad4c3b87cea735660be81d,True,False,True,,recovery_observable,,run_047_goal2_state26_periodic_pre_inference_disconnect/evidence_manifest.sha256,6fd16da30b95ca577ccfed9f1e0070fbc1520b7643b674fffe32638fde266780
47,Goal,26,35,18fa02aadf364aefa8cfaafe70b4675e,1789814074714463612,1789814077203459782,True,97a5d857877142fabcbb13cbce904156,success,1789814074765262055,1789814074892440633,15.0,cc04ee78e1ad4c3b87cea735660be81d,82f6201ba8b1419d98c757e3b494b3f3,True,False,True,,recovery_observable,,run_047_goal2_state26_periodic_pre_inference_disconnect/evidence_manifest.sha256,6fd16da30b95ca577ccfed9f1e0070fbc1520b7643b674fffe32638fde266780
47,Goal,26,42,25677806b9bc4a1082d1bf36769fa48a,1789814075490407655,1789814077203459782,True,f3bfaa366af644a7891374012ff6dc51,success,1789814075541384045,1789814075658029595,15.0,82f6201ba8b1419d98c757e3b494b3f3,3201317f5e6a4f639c44442e28025426,True,False,True,,recovery_observable,,run_047_goal2_state26_periodic_pre_inference_disconnect/evidence_manifest.sha256,6fd16da30b95ca577ccfed9f1e0070fbc1520b7643b674fffe32638fde266780
47,Goal,26,49,3de2dfa85d7842ac99aa1be15fea2847,1789814076262364547,1789814077203459782,True,f2ac1343f26c414fbab2c160d4bdd404,success,1789814076313243943,1789814076432225791,15.0,3201317f5e6a4f639c44442e28025426,287a2b1719f54a92b66fd1bab34fe480,True,False,True,,recovery_observable,,run_047_goal2_state26_periodic_pre_inference_disconnect/evidence_manifest.sha256,6fd16da30b95ca577ccfed9f1e0070fbc1520b7643b674fffe32638fde266780
47,Goal,26,56,1a289ec5daaa42ff8fa9d42e2d7d5080,1789814077107265545,1789814077203459782,True,753d041ea1c447768c58636da6a23273,cancelled,1789814077158114079,1789814077203948394,15.0,287a2b1719f54a92b66fd1bab34fe480,5730cadf4b6a48f2a57fa2f214387f4f,False,True,False,inference,terminal_edge,stop_cancelled_after_rpc_admission,run_047_goal2_state26_periodic_pre_inference_disconnect/evidence_manifest.sha256,6fd16da30b95ca577ccfed9f1e0070fbc1520b7643b674fffe32638fde266780
51,Goal,27,7,7bab783654b54272a9331f2b807a5996,1789814346131598559,1789814351855948244,True,86792b7e301b4adf81bb8df4017be268,success,1789814346182883900,1789814346287694583,15.0,886b205bde9b4141b58232feda1f898f,9e06a3e79a8641c895bdc4b0792c4f1d,True,False,True,,recovery_observable,,run_051_goal2_state27_periodic_pre_inference_disconnect/evidence_manifest.sha256,b80b664984d9fa378964092e00f375aaf24582500e33df3c556759d3e18c8918
51,Goal,27,14,23eba8fce868449d87040acda40bab13,1789814347043143442,1789814351855948244,True,60263145e7d84d2c82a16c2ad722355f,success,1789814347094136278,1789814347208887118,15.0,9e06a3e79a8641c895bdc4b0792c4f1d,3d4ad922b92f4afd9a4c0b80dc9834e3,True,False,True,,recovery_observable,,run_051_goal2_state27_periodic_pre_inference_disconnect/evidence_manifest.sha256,b80b664984d9fa378964092e00f375aaf24582500e33df3c556759d3e18c8918
51,Goal,27,21,2d4dcab5d104466e8123a0cb6563acce,1789814347811096420,1789814351855948244,True,ddaedf93c1114b59b286b10955292ed6,success,1789814347862044429,1789814347996042668,15.0,3d4ad922b92f4afd9a4c0b80dc9834e3,fe944348ddcc4323b8c5cba1d507a534,True,False,True,,recovery_observable,,run_051_goal2_state27_periodic_pre_inference_disconnect/evidence_manifest.sha256,b80b664984d9fa378964092e00f375aaf24582500e33df3c556759d3e18c8918
51,Goal,27,28,a4889fa52c8a49e4be35ed5faecda6fc,1789814348607137405,1789814351855948244,True,8be688ecec2048d389e463e28b72abb6,success,1789814348658590561,1789814348762975031,15.0,fe944348ddcc4323b8c5cba1d507a534,ec9d9242c6fc484aa53f7a3e21648554,True,False,True,,recovery_observable,,run_051_goal2_state27_periodic_pre_inference_disconnect/evidence_manifest.sha256,b80b664984d9fa378964092e00f375aaf24582500e33df3c556759d3e18c8918
51,Goal,27,35,051915925b9543beb7841116db19350b,1789814349358881384,1789814351855948244,True,07dd53ddb27142bd9a18cad23f50d7ea,success,1789814349409826790,1789814349515764124,15.0,ec9d9242c6fc484aa53f7a3e21648554,b4507dc8ba48442392a5d3f65f68d627,True,False,True,,recovery_observable,,run_051_goal2_state27_periodic_pre_inference_disconnect/evidence_manifest.sha256,b80b664984d9fa378964092e00f375aaf24582500e33df3c556759d3e18c8918
51,Goal,27,42,0f221bc0c8284165bca21dda28f48622,1789814350107185559,1789814351855948244,True,cf3c58b244334452bfe8f1a59d756611,success,1789814350158365434,1789814350277613983,15.0,b4507dc8ba48442392a5d3f65f68d627,a951ceeea3c2429488ae1b3681273dd7,True,False,True,,recovery_observable,,run_051_goal2_state27_periodic_pre_inference_disconnect/evidence_manifest.sha256,b80b664984d9fa378964092e00f375aaf24582500e33df3c556759d3e18c8918
51,Goal,27,49,9e26fba50baf4987942b1301bd677d67,1789814350887074270,1789814351855948244,True,a43c2bdcb0024926b606fa75c0ad6bfe,success,1789814350938729276,1789814351050884212,15.0,a951ceeea3c2429488ae1b3681273dd7,fb871d3818b246d99d2dc4d640094de8,True,False,True,,recovery_observable,,run_051_goal2_state27_periodic_pre_inference_disconnect/evidence_manifest.sha256,b80b664984d9fa378964092e00f375aaf24582500e33df3c556759d3e18c8918
51,Goal,27,56,75408538aba448bb9d876cbc7e9e3b95,1789814351614748662,1789814351855948244,True,e13ef4be073342e79439a7978e33d44e,success,1789814351665561809,1789814351792048819,15.0,fb871d3818b246d99d2dc4d640094de8,d3b35485a99745df96d6a4f90f91e14f,True,False,True,,recovery_observable,,run_051_goal2_state27_periodic_pre_inference_disconnect/evidence_manifest.sha256,b80b664984d9fa378964092e00f375aaf24582500e33df3c556759d3e18c8918
