model_key,model_revision,runtime,delay_profile,task_id,episode_index,initial_state_index,seed,success,environment_steps,hold_fraction,dropped_prefix_steps,delivery_latency_p50_seconds,delivery_latency_p95_seconds,inference_latency_p50_seconds,inference_latency_p95_seconds,action_discontinuity_mean_l2,action_discontinuity_max_l2,action_acceleration_max_l2,peak_cuda_memory_mib,wall_clock_episode_seconds,source_commit,trace_sha256,video_sha256
xvla,12e8783e996944f5c97e490d37d4c145484ed70a,lerobot_weighted_average,fixed_0000,0,0,0,2026081500,True,146,0.0,77,0.1331726317293942,0.2311581627465783,0.08497992204502225,0.1311632391065359,0.038939173933889334,2.000066041946411,2.000082015991211,12250.8251953125,12.105867406353354,edfdfcf3a32c6449fbfd8f7d326ec8294e30bb01,9bad8713cbe9d2c6ae845b8bace49734405c3b446d26e6942388eef6554b72f9,ebfdad7c340c9eb512a4dce349f7606a5d84ea71d93e47a68a282777550cdffd
xvla,12e8783e996944f5c97e490d37d4c145484ed70a,lerobot_weighted_average,fixed_0000,0,1,2,2026081501,False,280,0.0,157,0.14656445756554604,0.23990479786880314,0.09864881657995284,0.14962448365986347,0.19940016208396805,4.959194183349609,9.344045639038086,12250.8251953125,18.317028399091214,edfdfcf3a32c6449fbfd8f7d326ec8294e30bb01,4f747bab98a9fc0ba236961bf1ae970a98a6670f3ec428a12fcf2d898a47ffb8,
xvla,12e8783e996944f5c97e490d37d4c145484ed70a,lerobot_weighted_average,fixed_0000,0,2,4,2026081502,True,153,0.0,89,0.15091476310044527,0.24494652971625328,0.11360599705949426,0.13239008970558644,0.1510306027239973,4.3953857421875,5.7159528732299805,12250.8251953125,12.157770631369203,edfdfcf3a32c6449fbfd8f7d326ec8294e30bb01,a9c928aed0ba8df9f57dea049ac0ac1ed5d9bb55f551a73981108b2c91fff26a,
xvla,12e8783e996944f5c97e490d37d4c145484ed70a,lerobot_latest_only,fixed_0000,0,0,0,2026081500,True,145,0.0,70,0.11613410711288452,0.19778377292677748,0.07524125138297677,0.10626974264159796,0.039617454775402114,2.000211000442505,2.000303268432617,12250.8251953125,11.568693900015205,edfdfcf3a32c6449fbfd8f7d326ec8294e30bb01,f10d1f52324e292c9023456e57430704e50cb6dc4e82456ae1163d97c26221cb,b7af66d246c8c75a0c93d9404c5b4a31a7d3d86f0efadf4b6fbab4a33d77df3c
xvla,12e8783e996944f5c97e490d37d4c145484ed70a,lerobot_latest_only,fixed_0000,0,1,2,2026081501,True,140,0.0,79,0.1597007275559008,0.24200660150963813,0.11506765941157937,0.14771441351622344,0.25258714911735636,6.280328750610352,12.560388565063477,12250.8251953125,11.396401604171842,edfdfcf3a32c6449fbfd8f7d326ec8294e30bb01,d500a942c23dd563aaa485b61e2db64c97d6b17969062f73e3ad8657b1edeb98,
xvla,12e8783e996944f5c97e490d37d4c145484ed70a,lerobot_latest_only,fixed_0000,0,2,4,2026081502,True,148,0.0,87,0.15235933009535074,0.26421709069982163,0.1031020786613226,0.16216033082455392,0.1545222722022433,6.28183650970459,12.541184425354004,12250.8251953125,11.863844094797969,edfdfcf3a32c6449fbfd8f7d326ec8294e30bb01,734bb7ec162a9ef133503a209f01363da05622ac26090b0b7810a56835e572a7,
xvla,12e8783e996944f5c97e490d37d4c145484ed70a,actionstream_aligned,fixed_0000,0,0,0,2026081500,True,151,0.0,45,0.12762208399362862,1.2592959660105407,0.11660396447405219,1.2444294610759243,0.03916594266736259,2.000131845474243,2.0001628398895264,12250.8251953125,12.040641819126904,edfdfcf3a32c6449fbfd8f7d326ec8294e30bb01,fbf92c0fbb868f258b942fa9bd19aa5824aaa15a4371c399092b9dd8b6753d91,d84742b387eda118bc7073d367878217875de90026f7e6b14f49527f6cf95266
xvla,12e8783e996944f5c97e490d37d4c145484ed70a,actionstream_aligned,fixed_0000,0,1,2,2026081501,True,148,0.0,41,0.12141074100509286,1.4280530072282953,0.11267398716881871,1.4168963479343757,0.24011620195569838,6.280572414398193,6.597746849060059,12250.8251953125,11.817724779248238,edfdfcf3a32c6449fbfd8f7d326ec8294e30bb01,62e2d83a567995b13d79f99544263c6b4d8fda02e5097c9e3bb2cb3a31c3977c,
xvla,12e8783e996944f5c97e490d37d4c145484ed70a,actionstream_aligned,fixed_0000,0,2,4,2026081502,True,165,0.0,46,0.12660537287592888,1.0169766383245558,0.11614161403849721,1.004794994276014,0.22871424991242792,6.28021240234375,12.542760848999023,12250.8251953125,12.615823274012655,edfdfcf3a32c6449fbfd8f7d326ec8294e30bb01,8a4111f9fd5e569cf7f4ebd1e3a7c63a8cfe4819afa96d91186d1b5a37babca1,
xvla,12e8783e996944f5c97e490d37d4c145484ed70a,lerobot_weighted_average,fixed_0250,0,0,0,2026081500,True,132,0.0,206,0.3654475836083293,0.4068147361278534,0.08812056202441454,0.13021909547969698,0.027485152873573185,1.5260347127914429,1.526010513305664,12250.8251953125,11.310303875710815,edfdfcf3a32c6449fbfd8f7d326ec8294e30bb01,549fe7ce6177655e8d70c7b05792a1537afca9e9df25b7291098e518c306f580,2dd8ad56d7baad418b609ee38b431e1d23317fd1b266cf7c487a19c23a1d02a9
xvla,12e8783e996944f5c97e490d37d4c145484ed70a,lerobot_weighted_average,fixed_0250,0,1,2,2026081501,False,280,0.0,509,0.3862651635427028,0.4442059440072626,0.10160765913315117,0.12208447952289134,0.22746112893375578,4.590993881225586,8.874458312988281,12250.8251953125,18.71829817024991,edfdfcf3a32c6449fbfd8f7d326ec8294e30bb01,13b73c25c682ae89f358e58e495e5b6e8ab037d39c806ffcb055f676b1e5c7e7,
xvla,12e8783e996944f5c97e490d37d4c145484ed70a,lerobot_weighted_average,fixed_0250,0,2,4,2026081502,True,146,0.0,237,0.38203450781293213,0.4541032115230335,0.09259466710500419,0.1349494622321799,0.21952615011933035,4.397344589233398,4.398556709289551,12250.8251953125,11.936918944120407,edfdfcf3a32c6449fbfd8f7d326ec8294e30bb01,5f0fec5a7458a1e929d0c998f2f8213aecbbef784449e2795f35f01545300707,
xvla,12e8783e996944f5c97e490d37d4c145484ed70a,lerobot_latest_only,fixed_0250,0,0,0,2026081500,True,141,0.0,264,0.35674622002989054,0.4057459357194602,0.07614499982446432,0.10046312469057737,0.04132021734091852,2.00016450881958,2.0001919269561768,12250.8251953125,11.778692075051367,edfdfcf3a32c6449fbfd8f7d326ec8294e30bb01,e02962580cd21ef0ffe3685c6ed1264051dd1dd0fb213d7a962b39a7b456b845,a1fbbae384237f3d6e63da8dfc201dfcc75c549ba0be22edf3d4eccabadd3a47
xvla,12e8783e996944f5c97e490d37d4c145484ed70a,lerobot_latest_only,fixed_0250,0,1,2,2026081501,True,151,0.0,263,0.3698557959869504,0.41841179013717916,0.0802055262029171,0.11432307839859276,0.20652212727814911,6.281278610229492,6.283662796020508,12250.8251953125,12.32232403382659,edfdfcf3a32c6449fbfd8f7d326ec8294e30bb01,69517752f22c9038b4ba0ecd904422fca607b523ec995caf81b9deb720dd6ff4,
xvla,12e8783e996944f5c97e490d37d4c145484ed70a,lerobot_latest_only,fixed_0250,0,2,4,2026081502,True,151,0.0,263,0.35776432370767,0.41754754497669627,0.0737659982405603,0.1152195458766073,0.16556894579902293,6.281111717224121,6.296566486358643,12250.8251953125,12.20557072898373,edfdfcf3a32c6449fbfd8f7d326ec8294e30bb01,ce8faef91d7c3c6df6d613029b97d82071e0927ec1af886063e6a7eb3f3cc705,
xvla,12e8783e996944f5c97e490d37d4c145484ed70a,actionstream_aligned,fixed_0250,0,0,0,2026081500,True,139,0.0,109,0.38856981904245913,1.954818088887258,0.12610257952474058,1.6927958331070825,0.029049220397069617,2.000255584716797,2.0001654624938965,12250.8251953125,11.651315553113818,edfdfcf3a32c6449fbfd8f7d326ec8294e30bb01,4b9d8ff6f707fc7a1fa14fe58e5b7b0df609d257dfb1ec5c0f35f9d398ba0797,72b7040097b32f6f0594adcaa1fea731c65e6b464e91b37826dedab03e6a8818
xvla,12e8783e996944f5c97e490d37d4c145484ed70a,actionstream_aligned,fixed_0250,0,1,2,2026081501,True,145,0.0,112,0.40580601431429386,1.9355101179331526,0.1426199444103986,1.6725023623788715,0.1577103645524605,6.265975475311279,6.26726770401001,12250.8251953125,11.866203998681158,edfdfcf3a32c6449fbfd8f7d326ec8294e30bb01,b730d094cdd45e7d3dd1210d330766e09783d4cf19b8f1c38bfd35473732eb8c,
xvla,12e8783e996944f5c97e490d37d4c145484ed70a,actionstream_aligned,fixed_0250,0,2,4,2026081502,True,155,0.0,116,0.3974869423545897,1.7068865590263111,0.1330043701454997,1.4469699549023016,0.16287066902535932,6.280816555023193,6.283694744110107,12250.8251953125,12.447758397087455,edfdfcf3a32c6449fbfd8f7d326ec8294e30bb01,4afb7fb1b01fdc337af8ccbd3d56fe8a251d15f53a857f45323aef1e2b623034,
xvla,12e8783e996944f5c97e490d37d4c145484ed70a,lerobot_weighted_average,fixed_0500,0,0,0,2026081500,True,143,0.0,551,0.6001430209726095,0.6405557258054614,0.07459976291283965,0.11213359553366897,0.04136251447013986,1.9952040910720825,1.9951462745666504,12250.8251953125,12.13344972860068,edfdfcf3a32c6449fbfd8f7d326ec8294e30bb01,58715d57cfb61d6374bb19a8f8b80164573bfc81da9e27fcb5473dd4e66a90d9,3dd25caca957d31a985300bc9f67b1608bbbb67f7a0a2fb5e834499e2a014d9a
xvla,12e8783e996944f5c97e490d37d4c145484ed70a,lerobot_weighted_average,fixed_0500,0,1,2,2026081501,False,280,0.0,1415,0.6226511229760945,0.6994685308076442,0.08942664228379726,0.13810845557600257,0.2333755353499057,4.745118618011475,4.754261016845703,12250.8251953125,18.936488999053836,edfdfcf3a32c6449fbfd8f7d326ec8294e30bb01,396f62415ed0eaa395e39f19e96bffe2ebc0b04451f90f9f935e72602ab9a2ec,
xvla,12e8783e996944f5c97e490d37d4c145484ed70a,lerobot_weighted_average,fixed_0500,0,2,4,2026081502,True,157,0.0,676,0.6313329380936921,0.6901825249195099,0.09365447517484426,0.14484432730823754,0.17236511779722208,5.689847946166992,5.729432582855225,12250.8251953125,12.825683400966227,edfdfcf3a32c6449fbfd8f7d326ec8294e30bb01,8241e1b3a42648f5c4a9f30a8a740e83fbb937d0ed459f96a48ac172700341c9,
xvla,12e8783e996944f5c97e490d37d4c145484ed70a,lerobot_latest_only,fixed_0500,0,0,0,2026081500,True,133,0.0,582,0.6058280537836254,0.6618666240945458,0.07863498711958528,0.11043041548691689,0.02957448615890109,2.0001842975616455,2.0001635551452637,12250.8251953125,11.60601421399042,edfdfcf3a32c6449fbfd8f7d326ec8294e30bb01,e95b11a39b2de34dc7e2e4cd7c62bfac551f5880bd05486e5db45a54f28f1823,6e0a08071cc91aeeb28d305fd58d10e6c5f10f126601413cf2110601bdd9aa67
xvla,12e8783e996944f5c97e490d37d4c145484ed70a,lerobot_latest_only,fixed_0500,0,1,2,2026081501,True,140,0.0,615,0.6142825400456786,0.6806951062753795,0.08377876598387957,0.10485970145091414,0.2537886284981861,6.281252861022949,12.555991172790527,12250.8251953125,11.929466639645398,edfdfcf3a32c6449fbfd8f7d326ec8294e30bb01,9f16127214638c07e7974a057efedbe8917f9d2e71e48a2489072c1148dab97a,
xvla,12e8783e996944f5c97e490d37d4c145484ed70a,lerobot_latest_only,fixed_0500,0,2,4,2026081502,True,144,0.0,667,0.6170759918168187,0.6698814652860164,0.08409248385578394,0.11226162239909172,0.24726543966778455,6.279158592224121,12.552505493164062,12250.8251953125,12.063679539132863,edfdfcf3a32c6449fbfd8f7d326ec8294e30bb01,2174da3b882bdeedf19ca4e750d669c93e0da3f2c7d0eeec82d4e6f3b46e827b,
xvla,12e8783e996944f5c97e490d37d4c145484ed70a,actionstream_aligned,fixed_0500,0,0,0,2026081500,True,144,0.0,163,0.6129202016163617,2.124665261269546,0.10438507003709674,1.6128696205792934,0.04239124357960858,2.0000510215759277,2.000034809112549,12250.8251953125,12.035925365053117,edfdfcf3a32c6449fbfd8f7d326ec8294e30bb01,c32829d59b2ec66cbf5b9778ba7a64b1cee6ed29adef6e016e16ef75a4b97e6b,cba5188c83a8c4507ca1a17b1402f7f1ed58a6ff440850fa796827a03ef08f2a
xvla,12e8783e996944f5c97e490d37d4c145484ed70a,actionstream_aligned,fixed_0500,0,1,2,2026081501,True,141,0.0,161,0.6508534238673747,2.3955307050608035,0.13917991006746888,1.8859356870874702,0.25249917253718845,6.2826385498046875,6.2850141525268555,12250.8251953125,12.063069631811231,edfdfcf3a32c6449fbfd8f7d326ec8294e30bb01,480c9dc8301db070d74a220d7901996290e7bbddab1fbbe36a06ac2b69dae545,
xvla,12e8783e996944f5c97e490d37d4c145484ed70a,actionstream_aligned,fixed_0500,0,2,4,2026081502,True,144,0.0,174,0.6571543430909514,2.1771632686257347,0.14394173468463123,1.6625269610900417,0.1595970445061819,6.266138076782227,6.268873691558838,12250.8251953125,12.094293079804629,edfdfcf3a32c6449fbfd8f7d326ec8294e30bb01,b1a60c667660a47ef16da43f0e4f5761e757447286fa063e8a80f40eef9878c5,
xvla,12e8783e996944f5c97e490d37d4c145484ed70a,lerobot_weighted_average,fixed_0950,0,0,0,2026081500,True,179,0.0335195530726257,1399,1.0537442271597683,1.0780557310208678,0.07229300308972597,0.08464894001372159,0.05059518943425645,1.5260287523269653,2.800065040588379,12250.8251953125,14.38163140276447,edfdfcf3a32c6449fbfd8f7d326ec8294e30bb01,f4746eed02df2d5b5a38abfa2bf5faf293ba88de6be87d6f5f044317658ba12a,276bf98df4038787199b775ad43f4292bc72beaae5987ab381e1c26176d5d41b
xvla,12e8783e996944f5c97e490d37d4c145484ed70a,lerobot_weighted_average,fixed_0950,0,1,2,2026081501,False,280,0.02142857142857143,2201,1.0589232733473182,1.0803468911908567,0.07987183379009366,0.09544763900339603,0.40979560638701135,4.609231948852539,5.203854084014893,12250.8251953125,19.411085761152208,edfdfcf3a32c6449fbfd8f7d326ec8294e30bb01,2b6aa4b658a2916068667e235a8c00aae00620b206560e2c6dc6e36a10fec604,
xvla,12e8783e996944f5c97e490d37d4c145484ed70a,lerobot_weighted_average,fixed_0950,0,2,4,2026081502,True,205,0.03414634146341464,1481,1.0564916532021016,1.0776346875820308,0.07644649432040751,0.09693783796392379,0.1595864652555582,4.540306568145752,4.5781941413879395,12250.8251953125,15.639434793032706,edfdfcf3a32c6449fbfd8f7d326ec8294e30bb01,1d10edb9aaf498bd3442a14395d0aacd4003509f1a1c9a7a29e29204fea7a3b1,
xvla,12e8783e996944f5c97e490d37d4c145484ed70a,lerobot_latest_only,fixed_0950,0,0,0,2026081500,True,180,0.03333333333333333,1402,1.054701590910554,1.0894992491230369,0.0718189412727952,0.0907093402929604,0.05767405018023106,2.000066041946411,4.000114440917969,12250.8251953125,14.313758982811123,edfdfcf3a32c6449fbfd8f7d326ec8294e30bb01,769ca8a5ba1e02ed67f29cc2838ef7874409cddb833cb9cd4e78cd7cd18e88c6,8a86ed86000b91d87354f5a3a8a0a512885a8fed83def308ef1bc58e850cba74
xvla,12e8783e996944f5c97e490d37d4c145484ed70a,lerobot_latest_only,fixed_0950,0,1,2,2026081501,True,175,0.03428571428571429,1309,1.0539265172556043,1.0914403340779244,0.07449559308588505,0.09468493741005658,0.20490075643013778,6.281206130981445,6.2858381271362305,12250.8251953125,14.15405159862712,edfdfcf3a32c6449fbfd8f7d326ec8294e30bb01,1743eea9643bc6771986235f0b973ce69ddbf969d21471877ea922cfabbc2c6c,
xvla,12e8783e996944f5c97e490d37d4c145484ed70a,lerobot_latest_only,fixed_0950,0,2,4,2026081502,True,187,0.03208556149732621,1394,1.0586682562716305,1.0846076508518308,0.07681261165998876,0.09687586573418229,0.20451184416249876,6.27780818939209,6.288406848907471,12250.8251953125,14.85752835823223,edfdfcf3a32c6449fbfd8f7d326ec8294e30bb01,1875030074def3b5c7709c799636265e1bc10b3c072e57944d98cf3dcec53ca4,
xvla,12e8783e996944f5c97e490d37d4c145484ed70a,actionstream_aligned,fixed_0950,0,0,0,2026081500,True,143,0.22377622377622378,272,1.1257127369754016,2.842348254192615,0.1615673298947513,1.8778020245954334,0.04134236255490129,2.000028610229492,2.000028610229492,12250.8251953125,12.506062930915505,edfdfcf3a32c6449fbfd8f7d326ec8294e30bb01,1bfe71b6e4c9e69a17f70387b97d8022adab23cc02d8e4f97b2b0223f2050ed3,fcadca427b112fe3e9fa254a1fe14ba018a015708fbb4c815649af620b45b80a
xvla,12e8783e996944f5c97e490d37d4c145484ed70a,actionstream_aligned,fixed_0950,0,1,2,2026081501,True,139,0.1366906474820144,239,1.0671201485674828,3.0307200661394713,0.10838427627459168,2.0700685628224136,0.07354757253526022,6.277326583862305,6.282702922821045,12250.8251953125,12.34073673794046,edfdfcf3a32c6449fbfd8f7d326ec8294e30bb01,edb66ae6601f94ab4005d76f3d484ceae86ef0757ab2d838189e8f62a7cb4eed,
xvla,12e8783e996944f5c97e490d37d4c145484ed70a,actionstream_aligned,fixed_0950,0,2,4,2026081502,True,151,0.16556291390728478,285,1.073799341218546,2.6100526790600256,0.11468431795947254,1.6499951842473806,0.20807876789166282,6.282426834106445,12.563499450683594,12250.8251953125,12.952018060721457,edfdfcf3a32c6449fbfd8f7d326ec8294e30bb01,f7c5b1b622802f5f8ef66d712c4d0475cd75a26af495e52655b3d17fd92be21b,
xvla,12e8783e996944f5c97e490d37d4c145484ed70a,lerobot_weighted_average,jitter_0500_pm0250,0,0,0,2026081500,True,163,0.018404907975460124,461,0.6121528721414506,0.8836668970528989,0.08788005216047168,0.1263898121193051,0.04167299200838179,1.820009469985962,2.2400083541870117,12250.8251953125,13.075812180992216,edfdfcf3a32c6449fbfd8f7d326ec8294e30bb01,f168e40cff797245dabdd24c1a9aeb3bf2d7b8ce4b9e491ad3bc8d370e4f1fb8,fa0cf3abe52eb545c0b3601d6bad756f28d4bcba46e44703cc42714ab428f4a0
xvla,12e8783e996944f5c97e490d37d4c145484ed70a,lerobot_weighted_average,jitter_0500_pm0250,0,1,2,2026081501,False,280,0.010714285714285714,952,0.671000006608665,0.8603433454642072,0.08702073758468032,0.12815482446458187,0.2794953144345713,5.67611026763916,6.989306449890137,12250.8251953125,18.96683168504387,edfdfcf3a32c6449fbfd8f7d326ec8294e30bb01,83005c7a1ab26c8ac45b247878531cc7d40c0eefe8b24a5ac6b3ca4791663994,
xvla,12e8783e996944f5c97e490d37d4c145484ed70a,lerobot_weighted_average,jitter_0500_pm0250,0,2,4,2026081502,True,156,0.019230769230769232,512,0.651263969251886,0.8726088965777308,0.08811012585647404,0.11494843917898834,0.07021722022984778,5.70761251449585,5.710544586181641,12250.8251953125,12.68876341311261,edfdfcf3a32c6449fbfd8f7d326ec8294e30bb01,cbf9d24edd76c74f09429d66c935c55f1a21b6b26c56f9bea3d49235e0f3d64f,
xvla,12e8783e996944f5c97e490d37d4c145484ed70a,lerobot_latest_only,jitter_0500_pm0250,0,0,0,2026081500,True,143,0.013986013986013986,514,0.6340326555073261,0.8649410757701844,0.07762745954096317,0.11635102056898178,0.027480603707298427,2.0011706352233887,2.0024209022521973,12250.8251953125,12.102878257166594,edfdfcf3a32c6449fbfd8f7d326ec8294e30bb01,cc053fadb70e04a7b91650b819348db06942b2d39836f676b718522894da3dce,7cda6d1bd7bbc8ab2a27227cd109e1d60d4a5716176a8a32803cfc20144278eb
xvla,12e8783e996944f5c97e490d37d4c145484ed70a,lerobot_latest_only,jitter_0500_pm0250,0,1,2,2026081501,True,147,0.013605442176870748,588,0.6268557943403721,0.8564505456015465,0.07618975499644876,0.11301064370200033,0.15617357858150482,6.281968116760254,6.290768623352051,12250.8251953125,12.3171241809614,edfdfcf3a32c6449fbfd8f7d326ec8294e30bb01,63af75cd42f228afef47478272ab0b7bbe0833cd99f61b1284832982569d6c16,
xvla,12e8783e996944f5c97e490d37d4c145484ed70a,lerobot_latest_only,jitter_0500_pm0250,0,2,4,2026081502,True,161,0.018633540372670808,509,0.6488071109633893,0.8613350043306127,0.08147303573787212,0.12417130882386118,0.06734551620611455,6.251151084899902,6.254831314086914,12250.8251953125,13.00061959726736,edfdfcf3a32c6449fbfd8f7d326ec8294e30bb01,fac79d1717181d276eece5a67ebe320f2b840294ba3881563cbd3b94164a0e06,
xvla,12e8783e996944f5c97e490d37d4c145484ed70a,actionstream_aligned,jitter_0500_pm0250,0,0,0,2026081500,True,143,0.0,173,0.6902807930018753,2.3251136672450214,0.10616215760819614,1.718141497438772,0.043832905811887285,2.0000617504119873,2.000025510787964,12250.8251953125,12.197582634165883,edfdfcf3a32c6449fbfd8f7d326ec8294e30bb01,7e9807ff41bbf21092720fad9874605d0486394bdf6273328a63b85cc4815a3f,492081fb0905f901d46832363cdc721dc274eb3b46405f80b284d39e9ef217c7
xvla,12e8783e996944f5c97e490d37d4c145484ed70a,actionstream_aligned,jitter_0500_pm0250,0,1,2,2026081501,True,137,0.0,165,0.723013455979526,2.4969798081554417,0.13050929317250848,1.8473130328580678,0.259918495105333,6.2826385498046875,6.301163673400879,12250.8251953125,11.756155194714665,edfdfcf3a32c6449fbfd8f7d326ec8294e30bb01,1170b07a72ea9aa4307ee15fea1cb73fdc97e7fcf74f190a2f87ada055746855,
xvla,12e8783e996944f5c97e490d37d4c145484ed70a,actionstream_aligned,jitter_0500_pm0250,0,2,4,2026081502,True,142,0.0,171,0.6852208150085062,2.2677743874490246,0.12465043249540031,1.6310445207636788,0.16174003339029108,6.262583255767822,6.265008449554443,12250.8251953125,12.063193472102284,edfdfcf3a32c6449fbfd8f7d326ec8294e30bb01,3dfcada3c42718b87a5c719369338dbcbb510f0e7bbb12e8351c01722f1a823d,
smolvla,31d453f7edd78c839a8bbc39744a292686daf0de,lerobot_weighted_average,fixed_0000,0,0,0,2026081500,True,138,0.0,79,0.27404264360666275,0.49872405165806377,0.2251295829191804,0.423621397465467,0.09018007871511317,1.5922428369522095,1.5986754894256592,925.603515625,7.522630515974015,edfdfcf3a32c6449fbfd8f7d326ec8294e30bb01,3a692a8dd7222df91f9126c72b44fd32b2cb449801d58f85c8dee749c5953a98,659eb2b2a3e41b894d220c6c91c27b761e259e710095534ed5460d17235d9ee6
smolvla,31d453f7edd78c839a8bbc39744a292686daf0de,lerobot_weighted_average,fixed_0000,0,1,2,2026081501,True,135,0.0,79,0.2654385380446911,0.4321990441530942,0.21511302003636956,0.2878905684687197,0.07911661616179036,2.0072104930877686,2.0056281089782715,925.603515625,6.886463098227978,edfdfcf3a32c6449fbfd8f7d326ec8294e30bb01,5c72ec2cdfded6b6b35cd6ea6c72a20ddc29848843407e3fb64693d383ce8317,
smolvla,31d453f7edd78c839a8bbc39744a292686daf0de,lerobot_weighted_average,fixed_0000,0,2,4,2026081502,True,176,0.0,103,0.27027660817839205,0.4749251084867865,0.23110252479091287,0.27410216617863625,0.15029832066701992,2.0141327381134033,2.015394926071167,925.603515625,9.01455907896161,edfdfcf3a32c6449fbfd8f7d326ec8294e30bb01,3fc93ec83f7320a134fb74e11b927b256122940e8956f5379804e35e26b8443c,
smolvla,31d453f7edd78c839a8bbc39744a292686daf0de,lerobot_latest_only,fixed_0000,0,0,0,2026081500,True,138,0.0,74,0.24192323721945286,0.39336715387180443,0.19441570295020938,0.2673080401495098,0.0934060981673916,2.0172922611236572,2.0295708179473877,925.603515625,7.04185007000342,edfdfcf3a32c6449fbfd8f7d326ec8294e30bb01,534fad5ecdcdccbf6820ed02968e76c3710c649644329c0bdb964c134261471d,10ea76ce325df84655a8f62026658230b4cd227f0e5b27141e62d7f41d94d4c5
smolvla,31d453f7edd78c839a8bbc39744a292686daf0de,lerobot_latest_only,fixed_0000,0,1,2,2026081501,True,136,0.0,76,0.2580278366804123,0.4344712452962994,0.19955627340823412,0.24847119171172377,0.08136804318400445,2.003221035003662,1.9995863437652588,925.603515625,6.955438588745892,edfdfcf3a32c6449fbfd8f7d326ec8294e30bb01,6ce5ac0cdd89e555f133f02df587554c90d80ba5ae45d8d885fd35eb7c76d6ed,
smolvla,31d453f7edd78c839a8bbc39744a292686daf0de,lerobot_latest_only,fixed_0000,0,2,4,2026081502,True,221,0.0,129,0.239959716796875,0.3966081886552274,0.1995843737386167,0.2417863633017987,0.15688040826088664,2.295654058456421,2.3295705318450928,925.603515625,11.206870123744011,edfdfcf3a32c6449fbfd8f7d326ec8294e30bb01,c4d40d05a50e7911fd7968babd9df3c51c92573c42851aeffada53ad0956efee,
smolvla,31d453f7edd78c839a8bbc39744a292686daf0de,actionstream_aligned,fixed_0000,0,0,0,2026081500,True,135,0.0,67,0.23473426257260144,0.31681711473502217,0.22751915850676596,0.30990686402656137,0.09505378615298767,2.020724058151245,2.0105037689208984,925.603515625,6.936184859834611,edfdfcf3a32c6449fbfd8f7d326ec8294e30bb01,d30f5ec87d6e2e8d7864bf6f119db99305fe7afa81f1ab98c95a591960ba81b9,1e2dcb358082c86d9b6b75704be008b4f0d370b247f8894eacb46f88cffc0b13
smolvla,31d453f7edd78c839a8bbc39744a292686daf0de,actionstream_aligned,fixed_0000,0,1,2,2026081501,True,132,0.0,72,0.242537829792127,0.3621394444722682,0.23609910788945854,0.353636099002324,0.08244698468368244,2.02046275138855,2.015921115875244,925.603515625,6.841363406740129,edfdfcf3a32c6449fbfd8f7d326ec8294e30bb01,743a76da497193a1a2572d1509e435c972743fefeefefd53c2d1f178b80c8420,
smolvla,31d453f7edd78c839a8bbc39744a292686daf0de,actionstream_aligned,fixed_0000,0,2,4,2026081502,False,280,0.0,145,0.2512560214381665,0.2841779369628057,0.24323806446045637,0.2750127562787384,0.19528448652128913,2.4200618267059326,4.0099053382873535,925.603515625,14.166420547757298,edfdfcf3a32c6449fbfd8f7d326ec8294e30bb01,153d8e8cf95eade0f46322879c234aacbcc7abd87c9dd036de858902bbb7ff10,
smolvla,31d453f7edd78c839a8bbc39744a292686daf0de,lerobot_rtc,fixed_0000,0,0,0,2026081500,True,150,0.0,88,0.31654974399134517,0.5542613181285561,0.2711547485087067,0.3902602492598817,0.10622780097042205,2.026085615158081,2.0660974979400635,1463.47998046875,7.695762657094747,edfdfcf3a32c6449fbfd8f7d326ec8294e30bb01,83b26fdf98fc2440a188983570f387d89e33ed1d73dce5391ffc64b6e321711f,8f42fa0ec73632840811bb601beed3da00f4cd0d7c5a5cefe4524e5e1fbbab6f
smolvla,31d453f7edd78c839a8bbc39744a292686daf0de,lerobot_rtc,fixed_0000,0,1,2,2026081501,True,152,0.0,94,0.3044566153548658,0.5156916068866848,0.26464925706386566,0.38122507478110484,0.1005165500039025,2.0270235538482666,2.0299909114837646,1463.47998046875,7.914224534761161,edfdfcf3a32c6449fbfd8f7d326ec8294e30bb01,de85782b10ae423718501ee482e3429ca8eebfbef17710e3a45932af84782a80,
smolvla,31d453f7edd78c839a8bbc39744a292686daf0de,lerobot_rtc,fixed_0000,0,2,4,2026081502,True,143,0.0,84,0.3354985141195357,0.5786678591743111,0.2853354918770492,0.3752733401954173,0.08076967276193359,2.013380765914917,2.0168707370758057,1463.47998046875,7.307569548022002,edfdfcf3a32c6449fbfd8f7d326ec8294e30bb01,41c55d071d62132953db28b334181014d31030e990cc025a6b8d6ebde4ceec5b,
smolvla,31d453f7edd78c839a8bbc39744a292686daf0de,lerobot_weighted_average,fixed_0250,0,0,0,2026081500,True,139,0.0,135,0.46974544739350677,0.5677339905407279,0.19098156900145113,0.22490898973774162,0.08997801507053815,2.039985418319702,2.050795555114746,925.603515625,7.4628893518820405,edfdfcf3a32c6449fbfd8f7d326ec8294e30bb01,92885ed5cdce2f30176c832f18550dd0f15042da98a811ddc0f2400c043286b4,0b7cd570327ecf2b3680f17f73330e0834d2967de54c4ad5e7867582a0d74e31
smolvla,31d453f7edd78c839a8bbc39744a292686daf0de,lerobot_weighted_average,fixed_0250,0,1,2,2026081501,False,280,0.0,262,0.5372120793908834,0.6381872927304357,0.25416738260537386,0.34858328050468107,0.14382646058762855,2.0124056339263916,2.0186142921447754,925.603515625,14.52232358790934,edfdfcf3a32c6449fbfd8f7d326ec8294e30bb01,40104322b75683b46938bc8f2dac7c89012ab429cbea5cadd934562b40b31766,
smolvla,31d453f7edd78c839a8bbc39744a292686daf0de,lerobot_weighted_average,fixed_0250,0,2,4,2026081502,False,280,0.0,287,0.5340289706364274,0.652595805702731,0.23790078470483422,0.3431617447640747,0.19728507906345377,2.0045769214630127,2.911503553390503,925.603515625,14.525629309937358,edfdfcf3a32c6449fbfd8f7d326ec8294e30bb01,ce430222ab6ec2bce8d0d8d7c7f397e1cb31c5468c5aea461f50b124c59cba94,
smolvla,31d453f7edd78c839a8bbc39744a292686daf0de,lerobot_latest_only,fixed_0250,0,0,0,2026081500,True,137,0.0,130,0.4928070711903274,0.6019597007893025,0.19188727671280503,0.2715175210498273,0.09274852301528239,2.0051109790802,1.998847484588623,925.603515625,7.379405624233186,edfdfcf3a32c6449fbfd8f7d326ec8294e30bb01,31ec86ff2ab0a9f92063a3f86b42997e2f38d86c94de644540d80db0beb9fb36,803ee75d71cf75bd34d6b56ea6f8b5124267427ffca4a5657ecb8705db54976b
smolvla,31d453f7edd78c839a8bbc39744a292686daf0de,lerobot_latest_only,fixed_0250,0,1,2,2026081501,False,280,0.0,292,0.5427872959990054,0.7141112146200612,0.2576530498918146,0.2959615475265309,0.1978671920592613,2.4008047580718994,3.962110757827759,925.603515625,14.481657449156046,edfdfcf3a32c6449fbfd8f7d326ec8294e30bb01,25d4f702f03d76e61a9d3487f375e9665f14b6bc593777d35c7fe1d2377a7480,
smolvla,31d453f7edd78c839a8bbc39744a292686daf0de,lerobot_latest_only,fixed_0250,0,2,4,2026081502,False,280,0.0,273,0.5394052923657,0.6109352885745465,0.26277695083990693,0.2940193360671401,0.19165647133690802,2.3446476459503174,2.3531625270843506,925.603515625,14.441891527269036,edfdfcf3a32c6449fbfd8f7d326ec8294e30bb01,519f9db747e1e2d2dff31ea075060c878694280117d42fd1cf9132ea5e57c033,
smolvla,31d453f7edd78c839a8bbc39744a292686daf0de,actionstream_aligned,fixed_0250,0,0,0,2026081500,True,137,0.0,128,0.49243032885715365,0.6090834991075098,0.2358508249744773,0.3493596227839589,0.0938275230839602,2.0450034141540527,2.0695576667785645,925.603515625,7.2444402342662215,edfdfcf3a32c6449fbfd8f7d326ec8294e30bb01,b5b456026b3599b4822b7168fc17be56ac032da08a18552f9348f2dd6d46bad8,56a58154fd36dcbac63d56b7df718ac1a96150937e3823846305fb202dc19274
smolvla,31d453f7edd78c839a8bbc39744a292686daf0de,actionstream_aligned,fixed_0250,0,1,2,2026081501,True,140,0.0,144,0.5191666821483523,0.584742193063721,0.2631677919998765,0.32799551144707945,0.09524361580181465,2.0128936767578125,2.022160768508911,925.603515625,7.391501461155713,edfdfcf3a32c6449fbfd8f7d326ec8294e30bb01,375a20fe0cd58b1d198d07d4e52a5b732a89c25663fd70e84fc7d649126d5911,
smolvla,31d453f7edd78c839a8bbc39744a292686daf0de,actionstream_aligned,fixed_0250,0,2,4,2026081502,False,280,0.0,284,0.519644480664283,0.5666555395815521,0.2631895476952195,0.3104881371371448,0.1982913703814576,2.4281911849975586,2.429690361022949,925.603515625,14.39390620496124,edfdfcf3a32c6449fbfd8f7d326ec8294e30bb01,d7d9e92969a91c06b26a7d14f28e650608a1a158987e3257797dd9cc050fe0df,
smolvla,31d453f7edd78c839a8bbc39744a292686daf0de,lerobot_rtc,fixed_0250,0,0,0,2026081500,False,280,0.0,312,0.5726620969362557,0.8138258896302432,0.288825870025903,0.4040876020211726,0.20728233919602462,2.6339995861053467,2.657409906387329,1463.47998046875,14.426911802962422,edfdfcf3a32c6449fbfd8f7d326ec8294e30bb01,6a1a7dfe4035d55ef563d7403dc7ab55ccfb61dc80dfb2690f46857d52d1f267,6525164c8409c96def8421e91837ef497193c07df68807ec4690e8d5b3b0015f
smolvla,31d453f7edd78c839a8bbc39744a292686daf0de,lerobot_rtc,fixed_0250,0,1,2,2026081501,True,126,0.0,137,0.581061779288575,0.7288369580404832,0.298615001142025,0.3633652019547298,0.08561228914931417,2.0013420581817627,1.9867653846740723,1463.47998046875,6.85831794468686,edfdfcf3a32c6449fbfd8f7d326ec8294e30bb01,3c560603a1682842d0c47011b3a9ae070f174349fb71699cbfd9af0bf07c3595,
smolvla,31d453f7edd78c839a8bbc39744a292686daf0de,lerobot_rtc,fixed_0250,0,2,4,2026081502,False,280,0.0,314,0.5762563701719046,0.6907324954867363,0.2918442701920867,0.4004326519556343,0.16129911294721042,2.4277424812316895,2.455617666244507,1463.47998046875,14.462765964213759,edfdfcf3a32c6449fbfd8f7d326ec8294e30bb01,ad616c130ce0359ae044d573a106b5d795635c0849e747fc8b0bd74db6162623,
smolvla,31d453f7edd78c839a8bbc39744a292686daf0de,lerobot_weighted_average,fixed_0500,0,0,0,2026081500,True,126,0.0,185,0.7411482408642769,0.8008339043706655,0.19886621413752437,0.2764201546087861,0.07955743179284036,2.0050179958343506,2.01990008354187,925.603515625,7.010251156054437,edfdfcf3a32c6449fbfd8f7d326ec8294e30bb01,630619a1ba017d83359201f8c0d898532d22643ca0a16b069fd6b9a1873802cb,5bdd2fd42c51dd669aa33e431b78bf1bedf05640f7efaffcdb52bd0540ebcb00
smolvla,31d453f7edd78c839a8bbc39744a292686daf0de,lerobot_weighted_average,fixed_0500,0,1,2,2026081501,False,280,0.0,458,0.7648861077614129,0.8920459303073583,0.2518486422486603,0.2766729425638914,0.04923637088398219,2.0124056339263916,2.0186142921447754,925.603515625,14.776589078828692,edfdfcf3a32c6449fbfd8f7d326ec8294e30bb01,3986129e87123a8f1843e79deae5d4688b05d7cb9fb8d77dca63868033b6da3d,
smolvla,31d453f7edd78c839a8bbc39744a292686daf0de,lerobot_weighted_average,fixed_0500,0,2,4,2026081502,False,280,0.0,452,0.7683463781140745,0.8577548360452056,0.2338070492260158,0.29614507472142576,0.19685813513881523,2.0067782402038574,2.869556427001953,925.603515625,14.765469304285944,edfdfcf3a32c6449fbfd8f7d326ec8294e30bb01,1527ce27059cd5038deaa76e590516bb656d2fa9cd53a9664b6e92041cbf5285,
smolvla,31d453f7edd78c839a8bbc39744a292686daf0de,lerobot_latest_only,fixed_0500,0,0,0,2026081500,True,126,0.0,185,0.7143026990815997,0.8062310238368808,0.19868379272520542,0.24460711413994424,0.08138258760981262,1.9742352962493896,1.9741058349609375,925.603515625,6.940516547765583,edfdfcf3a32c6449fbfd8f7d326ec8294e30bb01,66173adb85248b23b990eae67b6b4861b4fc93fffc5c04e24b1c3fdcf826a5a2,85bac4be6b1be6e4b34d66105f71178b62876420407aeb3e4d51dd3530be80ef
smolvla,31d453f7edd78c839a8bbc39744a292686daf0de,lerobot_latest_only,fixed_0500,0,1,2,2026081501,True,140,0.0,231,0.7224247325211763,0.8230635584332049,0.2057332198601216,0.22640483628492802,0.09313141188430164,2.0196590423583984,2.0117104053497314,925.603515625,7.640436862129718,edfdfcf3a32c6449fbfd8f7d326ec8294e30bb01,d12b26bc853f959c84ab7fb1b32e5ce92ca111eeda4af1747aa3fa9227c13f07,
smolvla,31d453f7edd78c839a8bbc39744a292686daf0de,lerobot_latest_only,fixed_0500,0,2,4,2026081502,False,280,0.0,499,0.7911418611183763,0.9206468537449837,0.22979877702891827,0.3444156798068434,0.19644850518180584,2.6072452068328857,4.135351657867432,925.603515625,14.643142861314118,edfdfcf3a32c6449fbfd8f7d326ec8294e30bb01,44ce3c3da94e838d2ab86fdfb7ded33b9c66d13e5366233f1d59429852566517,
smolvla,31d453f7edd78c839a8bbc39744a292686daf0de,actionstream_aligned,fixed_0500,0,0,0,2026081500,True,137,0.0,191,0.7588913072831929,0.8605640556663273,0.2503235558979213,0.35191541239619245,0.09364500349757317,2.0355136394500732,2.0301105976104736,925.603515625,7.487754901871085,edfdfcf3a32c6449fbfd8f7d326ec8294e30bb01,5dc8c4781e4e805dbb5b221bd9e9a9c020cf37651e1e483683350c501a337093,d7fbb778e3bf57b9130b3bdb5628bcfa8af82faaec6dadafc6127b98db29b819
smolvla,31d453f7edd78c839a8bbc39744a292686daf0de,actionstream_aligned,fixed_0500,0,1,2,2026081501,True,130,0.0,180,0.7760029810015112,0.8623457881389185,0.2683902052231133,0.35154764754697676,0.08773513623809283,2.000192403793335,1.9917925596237183,925.603515625,7.1467373156920075,edfdfcf3a32c6449fbfd8f7d326ec8294e30bb01,2f5b74569528293e56c369f12f31c2e2db712f4fe19be00982de00415b89a4aa,
smolvla,31d453f7edd78c839a8bbc39744a292686daf0de,actionstream_aligned,fixed_0500,0,2,4,2026081502,False,280,0.0,434,0.8101892811246216,0.8562645746394992,0.30174467200413346,0.34732900075614453,0.3012693386798638,2.583242416381836,4.413248538970947,925.603515625,14.64541227510199,edfdfcf3a32c6449fbfd8f7d326ec8294e30bb01,331b772694efceacae356e18227004b211a96e5aa5108a175de11e2f581e89af,
smolvla,31d453f7edd78c839a8bbc39744a292686daf0de,lerobot_rtc,fixed_0500,0,0,0,2026081500,False,280,0.0,770,0.8051632521674037,0.8588553698500618,0.27395576890558004,0.29981162161566316,0.15114284300589167,2.318408727645874,2.3376498222351074,1463.4794921875,14.743973616044968,edfdfcf3a32c6449fbfd8f7d326ec8294e30bb01,c4ca128adb21d06345d55edb895eb359740343db63a0b008084d38f0a29f6bbb,719d1b8af384eda1316dada15a874514f06acc0e471ea8fa801db16755e9f97d
smolvla,31d453f7edd78c839a8bbc39744a292686daf0de,lerobot_rtc,fixed_0500,0,1,2,2026081501,False,280,0.0,745,0.839946161955595,0.9287506269756705,0.28288699802942574,0.3385736868949607,0.195914059667097,2.437168836593628,2.5501346588134766,1463.4794921875,14.733377331867814,edfdfcf3a32c6449fbfd8f7d326ec8294e30bb01,184a5cb839ad71c5538c2c23a81f02417e86c1a1ef977b1a2e792318e76842c0,
smolvla,31d453f7edd78c839a8bbc39744a292686daf0de,lerobot_rtc,fixed_0500,0,2,4,2026081502,False,280,0.0,706,0.8832767305430025,0.9609609226929023,0.29519034596160054,0.4055638178717344,0.189059228890018,2.443589448928833,2.4473915100097656,1463.4794921875,14.724382977932692,edfdfcf3a32c6449fbfd8f7d326ec8294e30bb01,d1a66094012eeefe600e2648d2adaf5d8884e99a7a5874583cf9c13bcd5c091b,
smolvla,31d453f7edd78c839a8bbc39744a292686daf0de,lerobot_weighted_average,fixed_0950,0,0,0,2026081500,True,124,0.0,480,1.1726363254711032,1.2205163561739028,0.19318164186552167,0.2245942149311304,0.07990528618144553,2.0130279064178467,2.0187864303588867,925.603515625,7.412243798840791,edfdfcf3a32c6449fbfd8f7d326ec8294e30bb01,90813b08e18a504a5092d64191db584587d703958e30c0694331d558a7b52ad8,c142c356523926379d70bd725417da4ab7f8d72ccc014683fcbcda6896361f0b
smolvla,31d453f7edd78c839a8bbc39744a292686daf0de,lerobot_weighted_average,fixed_0950,0,1,2,2026081501,True,129,0.0,504,1.1662158565595746,1.2405531575670465,0.195509129203856,0.2689045640872791,0.08066733668238157,2.007633686065674,2.0037524700164795,925.603515625,7.65179972210899,edfdfcf3a32c6449fbfd8f7d326ec8294e30bb01,9349b112640de3af46ed3875f92c339563ac496c8ee5bfd5357d88c2d8683f52,
smolvla,31d453f7edd78c839a8bbc39744a292686daf0de,lerobot_weighted_average,fixed_0950,0,2,4,2026081502,False,280,0.0035714285714285713,1208,1.1990383616648614,1.2592721808236091,0.21243876754306257,0.27253326475620265,0.1835065864720866,2.027005910873413,2.879040479660034,925.603515625,15.19602966401726,edfdfcf3a32c6449fbfd8f7d326ec8294e30bb01,c2ef41d468a1640fa5ac85d7be5e2d9eb3faab49c22e1422a89d56913b81f382,
smolvla,31d453f7edd78c839a8bbc39744a292686daf0de,lerobot_latest_only,fixed_0950,0,0,0,2026081500,True,124,0.0,478,1.161733786109835,1.205487936269492,0.18985721515491605,0.1982284002006054,0.08301874548499662,2.0028810501098633,2.003009796142578,925.603515625,7.381943520624191,edfdfcf3a32c6449fbfd8f7d326ec8294e30bb01,338a9c70a596e5cf3e83e6c568081d2d851fc9f8e1f4f0b76ea02804d4c0db32,69b1785d3d2a0668e58c8fc5282d21de6deab6d596f2880b4b2b405ddd6781d7
smolvla,31d453f7edd78c839a8bbc39744a292686daf0de,lerobot_latest_only,fixed_0950,0,1,2,2026081501,True,118,0.0,435,1.1719437185674906,1.233917086198926,0.20482531702145934,0.2515392719302326,0.08061333725817947,2.014211654663086,2.0231103897094727,925.603515625,7.096268596127629,edfdfcf3a32c6449fbfd8f7d326ec8294e30bb01,6d9175f86edd93f02a161f8150d6e2f0c552f3e235b34e6ca1261c0d3c9f9a6a,
smolvla,31d453f7edd78c839a8bbc39744a292686daf0de,lerobot_latest_only,fixed_0950,0,2,4,2026081502,False,280,0.0,1231,1.1972268200479448,1.2585657071322203,0.21132535627111793,0.2815306237898767,0.2287733219330296,2.337263822555542,4.108108997344971,925.603515625,15.144438266288489,edfdfcf3a32c6449fbfd8f7d326ec8294e30bb01,d56070f207eb123166c6998a8440af762caf85e6edeb329b577c507a38e8e0f9,
smolvla,31d453f7edd78c839a8bbc39744a292686daf0de,actionstream_aligned,fixed_0950,0,0,0,2026081500,True,125,0.0,244,1.17267828527838,1.2426065606996417,0.21824687393382192,0.28600421152077615,0.08115890958992343,2.0007901191711426,2.0069689750671387,925.603515625,7.348067415878177,edfdfcf3a32c6449fbfd8f7d326ec8294e30bb01,2719a929a7aee85a3f0f9025a018e05b644bf82ba92578e284fe56f4f96a5246,8673148f6388c3a5b174aed6f2ebbb5d8558e2bf99694cb40b7c067d5ba2c884
smolvla,31d453f7edd78c839a8bbc39744a292686daf0de,actionstream_aligned,fixed_0950,0,1,2,2026081501,True,129,0.0,244,1.1717394804582,1.2694359191227704,0.21669695992022753,0.310250261798501,0.08103862213465618,2.0140905380249023,2.018625259399414,925.603515625,7.552115549799055,edfdfcf3a32c6449fbfd8f7d326ec8294e30bb01,2ed5316c235d6383e4c8e57d7af1632d46c5d184a8ce06c936e1ae5f74d1b251,
smolvla,31d453f7edd78c839a8bbc39744a292686daf0de,actionstream_aligned,fixed_0950,0,2,4,2026081502,False,280,0.0,644,1.265119758201763,1.3147799326106906,0.3091282690875232,0.35795077856164426,0.27280524611059165,2.5686755180358887,4.23504114151001,925.603515625,15.0942020281218,edfdfcf3a32c6449fbfd8f7d326ec8294e30bb01,e68a5ba773646beef818378511c2d4e25f7d881cb38f544022c63e446593ce38,
smolvla,31d453f7edd78c839a8bbc39744a292686daf0de,lerobot_rtc,fixed_0950,0,0,0,2026081500,False,280,0.0035714285714285713,1178,1.2507558781653643,1.2917011050973086,0.27233022125437856,0.29859111141413447,0.41919635242605613,2.1581127643585205,4.144522666931152,1463.4794921875,15.17177222808823,edfdfcf3a32c6449fbfd8f7d326ec8294e30bb01,9beacf7e4d63ee636d476b24c1d228bb6c5e5fe6d30fbb1e24c5dccef9d74daa,c41b9ee499f4a950a67a38806d344cb24c6db354792c4345b204b994247b73d5
smolvla,31d453f7edd78c839a8bbc39744a292686daf0de,lerobot_rtc,fixed_0950,0,1,2,2026081501,False,280,0.0,1156,1.258765954291448,1.303107874817215,0.27621607203036547,0.3095177175709978,0.058319817234989,2.063328742980957,2.049931764602661,1463.4794921875,15.156018627341837,edfdfcf3a32c6449fbfd8f7d326ec8294e30bb01,3648fd0dd8df879bfed6aef60009b5bd134fabb380509f6b83dc05a719e358a6,
smolvla,31d453f7edd78c839a8bbc39744a292686daf0de,lerobot_rtc,fixed_0950,0,2,4,2026081502,False,280,0.010714285714285714,1105,1.2738041281700134,1.3344282095320523,0.29686286486685276,0.3464247413445264,0.17382205400689368,2.0956153869628906,2.1217103004455566,1463.4794921875,15.321289324201643,edfdfcf3a32c6449fbfd8f7d326ec8294e30bb01,d5807b2149ff3e9ee152e9deec6269425fd2d13f060f19bd133ad63ab6544c68,
smolvla,31d453f7edd78c839a8bbc39744a292686daf0de,lerobot_weighted_average,jitter_0500_pm0250,0,0,0,2026081500,True,122,0.0,192,0.7615157221443951,0.9594697835855185,0.18991095526143909,0.2600090005435049,0.07826870070262389,1.396383285522461,1.3925654888153076,925.603515625,6.874811993911862,edfdfcf3a32c6449fbfd8f7d326ec8294e30bb01,531fc368dc196bf2f55a9d8ce2baee23290d15710cc37b2a1ae9ea3fcf6248ec,d82c9ceb962f12812e2c75ae43df1853525b8685cb56261343017c15b360aea7
smolvla,31d453f7edd78c839a8bbc39744a292686daf0de,lerobot_weighted_average,jitter_0500_pm0250,0,1,2,2026081501,True,128,0.0,210,0.7940332754515111,0.9850008910987526,0.19519065390340984,0.3234986106865108,0.08140276855510462,1.4039815664291382,1.3935694694519043,925.603515625,7.145379228983074,edfdfcf3a32c6449fbfd8f7d326ec8294e30bb01,315e7d9f2dc1623d59f9ef38e58be4c95f8d23b4680068be62d4ed10e624fac3,
smolvla,31d453f7edd78c839a8bbc39744a292686daf0de,lerobot_weighted_average,jitter_0500_pm0250,0,2,4,2026081502,False,280,0.0,523,0.8253227132372558,1.0064242592081427,0.20555608998984098,0.25718555729836223,0.15809228934020497,2.169623613357544,2.8699867725372314,925.603515625,14.687273178715259,edfdfcf3a32c6449fbfd8f7d326ec8294e30bb01,69d9e9a8bdb6c516641e2ea8b85e1a74c5641cfab0555e28477a5608168f3034,
smolvla,31d453f7edd78c839a8bbc39744a292686daf0de,lerobot_latest_only,jitter_0500_pm0250,0,0,0,2026081500,True,121,0.0,190,0.7545704683288932,0.9166548150591551,0.19541205884888768,0.2517835522070527,0.0803251104351754,1.987406849861145,1.9860045909881592,925.603515625,6.820052335970104,edfdfcf3a32c6449fbfd8f7d326ec8294e30bb01,a0842dce95a8d54c4a5c86dbc0944f913b20bc5165d002f7c18b203a18924a3e,7bb08609d7e8745a9292c530580a0d4d4af9a4cc8398c1ec446c6a0757884986
smolvla,31d453f7edd78c839a8bbc39744a292686daf0de,lerobot_latest_only,jitter_0500_pm0250,0,1,2,2026081501,True,130,0.0,210,0.7349113414529711,0.9833235015394166,0.22432370600290596,0.2678267964860424,0.08347255739116276,2.0107061862945557,2.018094778060913,925.603515625,7.194477683864534,edfdfcf3a32c6449fbfd8f7d326ec8294e30bb01,56bd7641ced9c666b49418c2abe3209756a7a933c08b7546dbb8ee10091b7dc3,
smolvla,31d453f7edd78c839a8bbc39744a292686daf0de,lerobot_latest_only,jitter_0500_pm0250,0,2,4,2026081502,False,280,0.0,530,0.7599870632402599,1.038285458087921,0.20951878791674972,0.3275988040491938,0.19504484517573242,2.4070546627044678,4.129194259643555,925.603515625,14.689786527305841,edfdfcf3a32c6449fbfd8f7d326ec8294e30bb01,86f3331a121394759767fb150284119582ebcfa25a3f94b0cd74d5432917f8a2,
smolvla,31d453f7edd78c839a8bbc39744a292686daf0de,actionstream_aligned,jitter_0500_pm0250,0,0,0,2026081500,True,126,0.0,180,0.7984203090891242,0.9643525315215811,0.24472597404383123,0.2637587310746312,0.0814064598493278,1.9843800067901611,1.9751654863357544,925.603515625,6.992721742019057,edfdfcf3a32c6449fbfd8f7d326ec8294e30bb01,070375aa85f7cd945b00378c0a401827273da9bda0d18571ce660b34743854c8,48440af1d8966b4df95d5d506147467fc4e7f78bc6107bbafa7900fd8caf645c
smolvla,31d453f7edd78c839a8bbc39744a292686daf0de,actionstream_aligned,jitter_0500_pm0250,0,1,2,2026081501,True,129,0.0,192,0.8618924261536449,1.0303450641222298,0.28666402329690754,0.35437182039022447,0.08419900346780196,2.003221035003662,1.9995863437652588,925.603515625,7.134939215146005,edfdfcf3a32c6449fbfd8f7d326ec8294e30bb01,0a6542e58d4c36dde209c2bdc6ac85567b3279ef7b6c5c4fa9d4b6059d7b1e0e,
smolvla,31d453f7edd78c839a8bbc39744a292686daf0de,actionstream_aligned,jitter_0500_pm0250,0,2,4,2026081502,False,280,0.0,413,0.7885252379346639,1.0288499617017806,0.27908052899874747,0.35157012881245464,0.24537922879247043,2.4790432453155518,4.048499584197998,925.603515625,14.685334221925586,edfdfcf3a32c6449fbfd8f7d326ec8294e30bb01,19dcece40198b49fc852430a1f681bb5511e5190aaa6c22f522a29fe9c285011,
smolvla,31d453f7edd78c839a8bbc39744a292686daf0de,lerobot_rtc,jitter_0500_pm0250,0,0,0,2026081500,False,280,0.0,702,0.826949980808422,1.0990958766080439,0.2859392601530999,0.38865349024999857,0.2100645713508129,2.5763046741485596,4.046438217163086,1463.4794921875,14.740916261915118,edfdfcf3a32c6449fbfd8f7d326ec8294e30bb01,0d80eec309c80f5ba5bf6b106558c006b30ddb0af6451cbe1b50d642aa65214d,71f8c9fa69be40057a53276caf3e49c45eeb2ee13330b129703531f7f851d51e
smolvla,31d453f7edd78c839a8bbc39744a292686daf0de,lerobot_rtc,jitter_0500_pm0250,0,1,2,2026081501,False,280,0.0,706,0.8588051234837621,1.1278027127031236,0.29751053755171597,0.35617971818428484,0.1892374464774698,2.488313913345337,4.1850361824035645,1463.47998046875,14.801341000944376,edfdfcf3a32c6449fbfd8f7d326ec8294e30bb01,b10f23df79c5c7f3278c8f2698d3474072bd9d52c43860fc4632e60dc66332f3,
smolvla,31d453f7edd78c839a8bbc39744a292686daf0de,lerobot_rtc,jitter_0500_pm0250,0,2,4,2026081502,False,280,0.0,692,0.8210362519603223,1.1442468313965943,0.27795936446636915,0.33666306773666294,0.21946560210251254,2.470945119857788,4.007578372955322,1463.4794921875,14.724515537265688,edfdfcf3a32c6449fbfd8f7d326ec8294e30bb01,55aa1bfbf32e160847ac3d8040d13c4d667b5247017bc0dd4612bbaa9711d689,
