suite,task_id,initial_state_index,seed,profile,runtime,success,environment_steps,steady_p50_seconds,steady_p95_seconds,startup_seconds,request_per_second,queue_age_p95_steps,discard,depletion,disconnects,recoveries,fallback,trace_sha256
libero_object,5,47,2026082490,fixed_0000,sync_hold,True,124,0.09991118800826371,0.11015407778322696,5.599088219925761,0.7474541180572257,,0,,,,,0c293ec8b85ee52fda9defe7ec9f76bae8143eb249d1848560cc6de98a642437
libero_object,5,48,2026082491,fixed_0000,sync_hold,True,130,0.10138879995793104,0.11852096235379576,0.07409152085892856,0.713877149036593,,0,,,,,8cf9e3d049af6d276d9d97db50f54e38c38bfeb73a08409c4111b595e9c10b12
libero_object,5,49,2026082492,fixed_0000,sync_hold,True,128,0.10928703099489212,0.11455126809887588,0.07409084704704583,0.7199141120470177,,0,,,,,ad2deb9456405bd5791893b6fb37a9334448c79114e6b05150eeeb149a0a9e81
libero_object,5,47,2026082490,fixed_0250,sync_hold,True,124,0.09398066718131304,0.11003756779246032,0.07356525608338416,0.6304406074143433,,0,,,,,9cbbb9a0d6cd661c2294f832409a534f375e5f47da7a5f69efa4fde169e23de8
libero_object,5,48,2026082491,fixed_0250,sync_hold,True,130,0.10083098895847797,0.12067581824958325,0.07405401603318751,0.6054554665207825,,0,,,,,795329bcc9b7ad104cfc462def1512ff04cca3e5047255fbf971c6b4f631b526
libero_object,5,49,2026082492,fixed_0250,sync_hold,True,128,0.10578317102044821,0.10917721474543214,0.0778117049485445,0.6113748723926159,,0,,,,,900d3a2454dda193b6c0009ecbd00be1d706c50a0df5cb1215e1386df0270431
libero_object,5,47,2026082490,fixed_0950,sync_hold,True,124,0.09661109303124249,0.11575000360608101,0.0779396858997643,0.4366923215198352,,0,,,,,dcf7efcab91d9508268d490cdf1ac53816c9751805ea737470b83b9f268b9e8d
libero_object,5,48,2026082491,fixed_0950,sync_hold,True,130,0.09322612499818206,0.09988191574811936,0.07521288096904755,0.4267280372888488,,0,,,,,4e17ae98e6c8c4f4f8b665c203452c8ba7b0e299b4ab5da2c6f3f93c776a5247
libero_object,5,49,2026082492,fixed_0950,sync_hold,True,128,0.11352239619009197,0.11653979630209506,0.07368462905287743,0.42713367763221494,,0,,,,,42ba289719dd89c5117e9a0ed5692e9683f6489fdf555207dca424ceeb3f65ff
libero_object,5,47,2026082490,jitter_0600_pm0400_v2,sync_hold,True,124,0.09670062200166285,0.11470820880495011,0.07389506394974887,0.4770848577209426,,0,,,,,219959fce8695fbdc8abd57c93e3bf3f615fbb5cd3e09ae24679670f88cf87b0
libero_object,5,48,2026082491,jitter_0600_pm0400_v2,sync_hold,True,130,0.09512620815075934,0.11762291314080357,0.07398045714944601,0.4636684126035876,,0,,,,,d3d769eafcea600d44ee986d78ffeccf8e95ea6b23b5d617fc233a051bb0aaab
libero_object,5,49,2026082492,jitter_0600_pm0400_v2,sync_hold,True,128,0.11255492805503309,0.1147710815537721,0.07381955697201192,0.4655130008070659,,0,,,,,0e5a348f70011714a06a3ebc64534a575ff13e01e9791e8e382eb6da07cb68cd
libero_object,5,47,2026082490,burst_0250_to2000_v2,sync_hold,True,124,0.09178496105596423,0.11440270659513771,0.07468037609942257,0.5211018260490446,,0,,,,,f750607da91bb7bfd6513aa8154dd2990d94ba78d396fe6b38e182a3a50e95ee
libero_object,5,48,2026082491,burst_0250_to2000_v2,sync_hold,True,130,0.0943556169513613,0.11289571118541061,0.0746417730115354,0.5054070434755796,,0,,,,,252f381e1488105fca7f8f1d3a09227063cf0cba99fb0c2627e1f38c8c1965fa
libero_object,5,49,2026082492,burst_0250_to2000_v2,sync_hold,True,128,0.10722421621903777,0.11573658706620335,0.07656693598255515,0.507831823356779,,0,,,,,910c89d9528f26b67ad0948bd918787a81b31d4de8f69c45ff77944ab2bfe7da
libero_object,5,47,2026082490,fixed_0000,lerobot_weighted_average,False,300,0.1273611921351403,0.156764715583995,5.83512318902649,3.2494885056504015,,205,,,,,94a908eaacef6442e42fcb7838082995e1cb0fa33229cb99383b0237ca3e6dab
libero_object,5,48,2026082491,fixed_0000,lerobot_weighted_average,True,132,0.10894027992617339,0.16737756170332432,5.230760475154966,3.2994421776540923,,86,,,,,a7e33d83c4501168875a7396f765511ad8cd6de8d2b54f9bcb967d576abe67a0
libero_object,5,49,2026082492,fixed_0000,lerobot_weighted_average,True,164,0.13144444301724434,0.1587352751987055,5.270176138961688,3.2288452587258436,,111,,,,,cecc23547fc9ec0cd5d705734ab567d74e3f49b86b3b49875cfda287f79d75cb
libero_object,5,47,2026082490,fixed_0250,lerobot_weighted_average,True,117,0.14867801102809608,0.20658101816661656,5.29803589801304,3.8386837552073607,,192,,,,,2324566869f103440855bff08d5e2d0ad4951566f2dfd16754fbdbd2a9785bb8
libero_object,5,48,2026082491,fixed_0250,lerobot_weighted_average,True,129,0.11672478448599577,0.18244839846156538,5.306261354126036,3.680876077267622,,207,,,,,e4320c59da8048b109ba46606e0ff75b4b347554c262bd3e8b727c613d289826
libero_object,5,49,2026082492,fixed_0250,lerobot_weighted_average,False,300,0.13254186895210296,0.16655466677621006,5.3680363891180605,3.4480778432564927,,460,,,,,894ccdafb192627312e2e49b8527519085843e1286a7a7e61e43e69ff59a5c22
libero_object,5,47,2026082490,fixed_0950,lerobot_weighted_average,False,300,0.09680370311252773,0.18844315372407433,5.268541847122833,5.858326742915993,,1059,,,,,5453fc541e5cc2d69d62a6a6a19879a2d9aaefc1b856a2db3c09fe44d0f7b05b
libero_object,5,48,2026082491,fixed_0950,lerobot_weighted_average,True,199,0.09460704948287457,0.19235833608545366,5.230364545015618,4.251063137277861,,372,,,,,c118301b57d1635ea6c4e9cef9c0b89f205755938c7a0850cf5ea30073cc35ea
libero_object,5,49,2026082492,fixed_0950,lerobot_weighted_average,False,300,0.09326146240346134,0.17353889393853023,5.287599884206429,7.464427465200563,,1710,,,,,2f2e195dd68e3fc247e8ff15ed4fff36005684b514360bbec33302e85abd6b19
libero_object,5,47,2026082490,jitter_0600_pm0400_v2,lerobot_weighted_average,True,143,0.09488042199518532,0.13089816237334162,5.346912952139974,5.454973281810878,,437,,,,,85c4915ebde6b37bec432379d2851700aa47265ca22d4e765dcf90eb481bdd0b
libero_object,5,48,2026082491,jitter_0600_pm0400_v2,lerobot_weighted_average,True,160,0.11541487299837172,0.1443908920045942,5.371666620951146,5.38811866426568,,477,,,,,ebfba34c55fddd003eb05b2aa96a5a2c41fc33668119f5b4ba88f0e5483cccfe
libero_object,5,49,2026082492,jitter_0600_pm0400_v2,lerobot_weighted_average,False,300,0.12843018397688866,0.1685150187229737,5.251980235101655,5.678815277456128,,1133,,,,,a554d3929435b079c2a6ee022808617046bb0b864fe4ed89cd420bebacddaef5
libero_object,5,47,2026082490,burst_0250_to2000_v2,lerobot_weighted_average,False,300,0.09778630407527089,0.1690973474644125,5.227950067957863,4.87073139983563,,846,,,,,9d8964338d932dbdf055176927ded9c9f6b7de4612795b46991d147539e778ec
libero_object,5,48,2026082491,burst_0250_to2000_v2,lerobot_weighted_average,False,300,0.12024356343317777,0.1710567658417858,5.240711166057736,4.642193790217511,,778,,,,,1ad22f8b220e0747505a0f23e03e33c8d2d8165274f1430cb7a0805ab79503ca
libero_object,5,49,2026082492,burst_0250_to2000_v2,lerobot_weighted_average,False,300,0.13151675602421165,0.18655260551022362,5.299075801158324,4.230524688034299,,767,,,,,6c957c2486eb002a64c29e92d137373bd5722c03891bc0fc62ed8777e9c0a400
libero_object,5,47,2026082490,fixed_0000,lerobot_latest_only,True,127,0.10510586807504296,0.19903790508396924,5.818035218864679,3.2252996376733662,,74,,,,,ab7f45947fbac5d4e26c07627378a52848cd3470e8cfdffa6d6fe90084af9b55
libero_object,5,48,2026082491,fixed_0000,lerobot_latest_only,True,130,0.14321658748667687,0.18413365855813027,5.321089507080615,3.013720290034163,,82,,,,,fc1ffa772ade43a90a875c8ce01055c3a0c358259a48c361a2201af929875eaf
libero_object,5,49,2026082492,fixed_0000,lerobot_latest_only,True,129,0.13784010708332062,0.2025840764166786,5.236314556095749,2.913223303359107,,88,,,,,a18b7a0f66b57fb7640a0b004c0a9e31fb10cd9e610e4fc05a3a0128f6cca10e
libero_object,5,47,2026082490,fixed_0250,lerobot_latest_only,True,128,0.11347312107682228,0.1872535623377189,5.24551543709822,3.4097755040443416,,199,,,,,8dc880a635e5858150ca8daf04d6d73cf8aab88179584cd5af23ee686c3407bd
libero_object,5,48,2026082491,fixed_0250,lerobot_latest_only,True,128,0.12525672605261207,0.18811275128973648,5.235123305115849,3.265867654400551,,187,,,,,ea2dc9738fcf99837e626a33fcc6b33f56656b6c0e7fda92910c3027b022a907
libero_object,5,49,2026082492,fixed_0250,lerobot_latest_only,True,128,0.15873185195960104,0.18104176716879014,5.281602871837094,3.13472142935396,,183,,,,,6241bcb66a867441eecc1737651fa1dfe78f3783a78314211703ea085a542b74
libero_object,5,47,2026082490,fixed_0950,lerobot_latest_only,True,166,0.08454827312380075,0.11498611648567011,5.313970457063988,8.500052670349076,,947,,,,,d14d2271c47df8351d026e4d23b2b6122438d07583a17e63522d540caccde6e1
libero_object,5,48,2026082491,fixed_0950,lerobot_latest_only,True,165,0.08457622246351093,0.1335899476893246,5.225927637191489,8.080287962353037,,945,,,,,5ea34cd4d07ea8a541e33a95c6ee2899205fce4dc4ff2beac8037129bbe796fe
libero_object,5,49,2026082492,fixed_0950,lerobot_latest_only,True,178,0.10063601052388549,0.17809520103037357,5.242229165043682,5.32081537021107,,573,,,,,861e84be3493b1e1dd808a2f2b3b97cb39d135ca48e2fe81a56ff5eb02e95ddd
libero_object,5,47,2026082490,jitter_0600_pm0400_v2,lerobot_latest_only,True,172,0.0861309280153364,0.1971641265321522,5.261136512970552,3.6448379763529446,,193,,,,,c2a19c9c212a59c7966d0d04515efda85965d9ef001d7c3a4ec26cfb381b3105
libero_object,5,48,2026082491,jitter_0600_pm0400_v2,lerobot_latest_only,True,160,0.12100615701638162,0.1841085020918399,5.271075097145513,4.428953115018587,,373,,,,,b37c2487fe69205d3f5faa3f893dd7a7b849d79d59f9868e828e4aafe8869e10
libero_object,5,49,2026082492,jitter_0600_pm0400_v2,lerobot_latest_only,True,163,0.13106091041117907,0.1515052510658279,5.321633807150647,4.857808961417782,,423,,,,,9cfea062554552b8f77b09447652c4623adb4fd53ce7c2a77cfc2306bbe17b54
libero_object,5,47,2026082490,burst_0250_to2000_v2,lerobot_latest_only,True,151,0.08775410149246454,0.1479246277594939,5.409865128109232,5.823618156472741,,609,,,,,a9fae445e1a8bedfecb3fafc4d081f81f84c63215af18965296d6239bed5b3ed
libero_object,5,48,2026082491,burst_0250_to2000_v2,lerobot_latest_only,True,187,0.08465622400399297,0.1680160984979011,5.252342755906284,4.739125120111278,,533,,,,,a46eaaea2f457f66a51e74368c90206a0eacff2085fb77f93810c71ad39b8451
libero_object,5,49,2026082492,burst_0250_to2000_v2,lerobot_latest_only,True,181,0.1229799494612962,0.17074944562045857,5.23185103200376,4.232318828241476,,412,,,,,f45d0e3924ac6987fa6501b869f0e9d7052ccd35f5d0d84aaaa3f98fda62f1b0
libero_object,5,47,2026082490,fixed_0000,actionstream_backend_aligned,True,153,0.07698663650080562,0.15352691231528298,5.955596111016348,10.254436641670384,6.0,151,0,0,0,0,aeea5e6e42b1deb7564f9e0ad0f39a688dec4c0dce2e98bd45b90c517c2d4557
libero_object,5,48,2026082491,fixed_0000,actionstream_backend_aligned,True,160,0.08184185484424233,0.1451936859637499,5.419310091994703,9.500033242527344,6.0,157,0,0,0,0,8839a6bc8b87d48476077b3323b49bfa5608036d9ca16867f1618c50bc250d85
libero_object,5,49,2026082492,fixed_0000,actionstream_backend_aligned,True,155,0.07603122806176543,0.12659640146885065,5.390052906936035,10.506236080488193,5.299999999999983,151,0,0,0,0,7dceaeacbf58f80506469a595e2df7f19af6c481a5a92d60c01294c6ad9a9fe3
libero_object,5,47,2026082490,fixed_0250,actionstream_backend_aligned,True,128,0.16570765047799796,0.25259597785770893,5.4391573099419475,2.24549961482327,18.0,126,0,0,0,0,30e228073febe7fb096459af3e44fb966b0c11eb1394aca10aba47b71ff5569e
libero_object,5,48,2026082491,fixed_0250,actionstream_backend_aligned,True,135,0.17493840446695685,0.2447782271192409,5.404181679012254,2.212229839334338,18.0,128,0,0,0,0,12607fc9b878963a1b8631938316e4f3e9d24102848d5c0f42c7055ea13318dc
libero_object,5,49,2026082492,fixed_0250,actionstream_backend_aligned,True,133,0.1590045760385692,0.19711473886854947,5.387540227966383,2.35486873446706,17.0,128,0,0,0,0,f77e9752cfcaf159f3e721c5c8149a278f60b3a50e1b07ab3536903f68a8da55
libero_object,5,47,2026082490,fixed_0950,actionstream_backend_aligned,False,300,0.1941088120220229,0.3241434251773171,5.373928056098521,0.8444944090072624,29.0,286,175,0,0,0,cc4264dde693bececfc4f083e418f69fb142d6c1372684961b8298a420b29821
libero_object,5,48,2026082491,fixed_0950,actionstream_backend_aligned,True,150,0.15152130858041346,0.2269073270959779,5.481890812050551,0.8827743173593893,29.0,137,69,0,0,0,ed3a4c6948192b1ead9cee1bd22709d33fcde83f08bf79cb00b9db7f0b44c51d
libero_object,5,49,2026082492,fixed_0950,actionstream_backend_aligned,False,300,0.1465575429610908,0.23822854314930728,5.532542593078688,0.8838278132430012,29.0,294,157,0,0,0,e02f883d296746e4a8d2445c7403d65722f02a6976096696edba9e2fe01a29e2
libero_object,5,47,2026082490,jitter_0600_pm0400_v2,actionstream_backend_aligned,True,135,0.1534082421567291,0.2278600194491446,5.39871146902442,1.1478819053071945,29.0,125,23,0,0,0,9d3ec66193a2d5ace1efb05acd3aac7d1a2679e2adec0ff56b0a6ee4f110fa80
libero_object,5,48,2026082491,jitter_0600_pm0400_v2,actionstream_backend_aligned,True,143,0.15012395358644426,0.28268446814035986,5.368383524008095,1.1320382950556267,29.0,137,25,0,0,0,545b549aa3e2f817ee9d0a4869709e449bddd67be717e5ac0b2b366940ec3c2b
libero_object,5,49,2026082492,jitter_0600_pm0400_v2,actionstream_backend_aligned,True,142,0.18650928407441825,0.26599204342346633,5.366967789130285,1.1186914879617356,29.0,140,28,0,0,0,f4c72b1310e88a4815a051a2248c9bb77151ad620df92f69983c9daee0d0d91d
libero_object,5,47,2026082490,burst_0250_to2000_v2,actionstream_backend_aligned,True,142,0.16407265444286168,0.22142881285399196,5.370692038908601,1.513845809557165,24.19999999999999,125,23,0,0,0,15200f419d62da51e0fd6eed6d26537d4301f1434c559c55ae881de3d64c6171
libero_object,5,48,2026082491,burst_0250_to2000_v2,actionstream_backend_aligned,True,154,0.16228670650161803,0.26053212478291243,5.405532564967871,1.357945146236695,23.64999999999999,142,24,0,0,0,c240f4a18861cc128f8c4829eb3010eaeb64bbe319dcf1c88c144ca1c46ff826
libero_object,5,49,2026082492,burst_0250_to2000_v2,actionstream_backend_aligned,True,154,0.1602660899516195,0.26048928736709054,5.516937249107286,1.5137633365339145,23.549999999999997,139,22,0,0,0,c5ad1451ef7dc45b86de6da0eb75969f49aa351f6c627493829215ee9c66c1ca
libero_object,5,47,2026082490,fixed_0000,actionstream_backend_guarded,True,153,0.07693517999723554,0.11378241740167136,5.968980122124776,10.905875883591236,5.0,150,0,0,0,0,c7dd2b8896ef430db6e2be6577e46b4e7042497b591c512f88059775c187a521
libero_object,5,48,2026082491,fixed_0000,actionstream_backend_guarded,True,165,0.08445371012203395,0.1488852991489693,5.4190825808327645,9.857888781152873,6.0,163,0,0,0,0,5b4fac8ac65136d0d2c2158ba14e01c1ed3565037d4b1c05650668cbf33e0764
libero_object,5,49,2026082492,fixed_0000,actionstream_backend_guarded,True,156,0.08380942652001977,0.13948519182158634,5.382160662906244,9.798352353140558,5.25,152,0,0,0,0,20267a09e57310da1af2ef2e1bf57e428b3a36abc6cf5ace3788c0a2c5e54783
libero_object,5,47,2026082490,fixed_0250,actionstream_backend_guarded,True,132,0.13293361314572394,0.2595414902083576,5.3678830889984965,2.3561059063579877,18.0,127,0,0,0,0,85f58bddfb1bf6c077028bbca5b02579e62a6b18b5322c8048d1d44272e64541
libero_object,5,48,2026082491,fixed_0250,actionstream_backend_guarded,True,133,0.13921198842581362,0.19775678727310145,5.404629153897986,2.45327265343064,16.0,131,0,0,0,0,1730a54f463695f6b297259e2683660612132b1e88fe53a458fa1dd691b0d763
libero_object,5,49,2026082492,fixed_0250,actionstream_backend_guarded,True,134,0.15180898853577673,0.2594521092250943,5.418324440019205,2.2638045489075407,18.0,124,0,0,0,0,d8b228f81a4661ef03203ec139580fb52d7c16a3fc30af2afa10f92569d3c883
libero_object,5,47,2026082490,fixed_0950,actionstream_backend_guarded,True,151,0.18205444456543773,0.22536365424748508,5.3933085962198675,0.8659375591986852,29.75,139,73,0,0,0,3afa2c280102cfbaa221b67a80adfed197f5703922cb4adb8bd84049ad2a3819
libero_object,5,48,2026082491,fixed_0950,actionstream_backend_guarded,True,151,0.157986351987347,0.2864473108202219,5.345939937978983,0.8739644425269077,29.0,139,72,0,0,0,017443635ebabd02aeb50156401f6d1cdec8f790c8425d218912fe57d5c52a0f
libero_object,5,49,2026082492,fixed_0950,actionstream_backend_guarded,True,184,0.16142620192840695,0.2789429566822946,5.35948095889762,0.8606277489715367,29.39999999999999,164,97,0,0,0,1a82147be9be310c4e422900152006cf7a82f5c2056bd3c3f967806188369017
libero_object,5,47,2026082490,jitter_0600_pm0400_v2,actionstream_backend_guarded,True,134,0.13417493156157434,0.2027150997309945,5.464444610988721,1.1778687077270524,29.0,131,18,0,0,0,531ca7206e7bf4536b71bb47328817d4518e276320284b95120a60b2499b9d65
libero_object,5,48,2026082491,jitter_0600_pm0400_v2,actionstream_backend_guarded,True,146,0.14495571795850992,0.27396900681778785,5.401815667981282,1.148970571704902,29.0,135,25,0,0,0,d872d800354efd7e160b0cd0e58504d47165c10612062ca1e40a9c1c0e2f2511
libero_object,5,49,2026082492,jitter_0600_pm0400_v2,actionstream_backend_guarded,True,144,0.17459803400561213,0.26620880285045123,5.4461036620195955,1.119902581907724,29.0,139,29,0,0,0,ff1d38b9ea9410cf03bb97c8f5c3ae92f4dc61d6096c9618de6fe2121d51fc75
libero_object,5,47,2026082490,burst_0250_to2000_v2,actionstream_backend_guarded,False,300,0.16495614650193602,0.23272775885416191,5.462986222933978,1.2856607011363153,44.0,167,47,0,0,3,ffd03f82bb3a38014e990cd8e1768186324bb6394a28f6909cd5de2f731f40ff
libero_object,5,48,2026082491,burst_0250_to2000_v2,actionstream_backend_guarded,True,153,0.1600217130035162,0.23901511563453814,5.38776816916652,1.5470770068791886,38.19999999999999,105,14,0,0,1,248ff96585b794660e6fb9b3affffa960fb948e31054ee9c601bafe2db5441cc
libero_object,5,49,2026082492,burst_0250_to2000_v2,actionstream_backend_guarded,False,300,0.17688178247772157,0.26343221422284835,5.418617028975859,1.257929528338748,44.69999999999999,175,47,0,0,3,ec6fd7662617dbfae00b39a43e08883ddfb3a3a5c96166e1a19f507bf9c2ba9a
libero_spatial,7,47,2026082500,fixed_0000,sync_hold,True,124,0.0834941091015935,0.08999813916161656,5.847395058022812,0.752325721606451,,0,,,,,4d3b621544c8b8f100f2899fbc76c5fca8c2edd2400323786c3f6067133f4bf3
libero_spatial,7,48,2026082501,fixed_0000,sync_hold,True,124,0.08298476994968951,0.08690490196458996,0.07722408510744572,0.7540022261631782,,0,,,,,1b3af425af98882172be3d45f6c6a11fa18b4e15a42dc18c726bf61c94dce368
libero_spatial,7,49,2026082502,fixed_0000,sync_hold,True,135,0.08166547794826329,0.08939006542786956,0.07711728801950812,0.6956625204417267,,0,,,,,d1df6f6e8ac580ce315160282811f88c1327c348a16d3be9dbb07c9f57f00ee8
libero_spatial,7,47,2026082500,fixed_0250,sync_hold,True,124,0.0835137979593128,0.08737131180241704,0.07599196094088256,0.6339506023534023,,0,,,,,539fa98ff447333e51cda951e55dbe0fb97f118d738db2d2cd692f19eac3f1a1
libero_spatial,7,48,2026082501,fixed_0250,sync_hold,True,124,0.08495493978261948,0.08839561208151281,0.07633937988430262,0.6346949404523055,,0,,,,,13f9fa6345d5ec65c123a302f08cd7f05c285d98bb4a871acd7f3f44ff27539d
libero_spatial,7,49,2026082502,fixed_0250,sync_hold,True,135,0.08204782893881202,0.09075043238699436,0.07521668705157936,0.5923740287293093,,0,,,,,263e4ec2f27b719f4cf936340e056ab07bf9327600ca75f7e199b6c373213ec0
libero_spatial,7,47,2026082500,fixed_0950,sync_hold,True,124,0.081009287154302,0.08618486626073718,0.07563794706948102,0.43921486553846356,,0,,,,,c18cb74ed896da6f6d82d3cd9832d447abd17f3dc1c8e998c224819535cb6724
libero_spatial,7,48,2026082501,fixed_0950,sync_hold,True,124,0.08295124094001949,0.09163931072689592,0.07414118410088122,0.4389463688367772,,0,,,,,c2195f95dc6e96b4d0b986b6091585a402417dd2ab59d3bf9063a6a00d9a5b61
libero_spatial,7,49,2026082502,fixed_0950,sync_hold,True,135,0.08407787093892694,0.09320767275057733,0.07526179007254541,0.4183508825454975,,0,,,,,bc83188a334e2ae3ff81f3ab43c957429f6910d488b77907326f90f107f9fce8
libero_spatial,7,47,2026082500,jitter_0600_pm0400_v2,sync_hold,True,124,0.08475494896993041,0.0876050473190844,0.07510304288007319,0.5395219524799659,,0,,,,,c71d6ed182a1652b8e070a89d359577a6cc7ed43810da81410b2ba4a5b1c2e53
libero_spatial,7,48,2026082501,jitter_0600_pm0400_v2,sync_hold,True,124,0.08988052094355226,0.09031373169273138,0.07510431297123432,0.5384993399814466,,0,,,,,d17fea9478bcd459d960c2e9ed7b1a6aa663359ac4fe76627bcad82a139e0269
libero_spatial,7,49,2026082502,jitter_0600_pm0400_v2,sync_hold,True,135,0.08494336297735572,0.09392369170673191,0.07708803797140718,0.5088748259155822,,0,,,,,0825c81c2d817bf687b30f869dedd5825443c22997e840c23fcd8b26de4ea8c4
libero_spatial,7,47,2026082500,burst_0250_to2000_v2,sync_hold,True,124,0.08415938611142337,0.08868990666233004,0.07604671199806035,0.45049061314653455,,0,,,,,1000eeb53ca29acd71237e186aa06fd90adc6853014fb15a8be832873ea0efc3
libero_spatial,7,48,2026082501,burst_0250_to2000_v2,sync_hold,True,124,0.08157784212380648,0.0927714076358825,0.07951567601412535,0.45042672951115736,,0,,,,,332b92f629778f345b9c7a12b8e10708aa2e4d039e7e29514a2c1fde18159642
libero_spatial,7,49,2026082502,burst_0250_to2000_v2,sync_hold,True,135,0.08295892598107457,0.09102285080589353,0.07451057201251388,0.4292143660877311,,0,,,,,f071530a97dd99fc8d422614ca5332b6a70dc08e837ba4b164c949cfb061db30
libero_spatial,7,47,2026082500,fixed_0000,lerobot_weighted_average,True,128,0.1304628369398415,0.15207348600961268,5.921695817029104,3.191945094808755,,79,,,,,6aec1be0a43087538d891ec9cc76b36e3c1cc0c35c37360230a3f6b62054a28a
libero_spatial,7,48,2026082501,fixed_0000,lerobot_weighted_average,False,300,0.12854641280137002,0.15070349611341952,5.308405289892107,3.249137166995979,,212,,,,,7ef04091be018cecad1daa6b8ef28502ed69217c8ee53f8e5d17211265ae6f4e
libero_spatial,7,49,2026082502,fixed_0000,lerobot_weighted_average,True,132,0.14154153503477573,0.20201721717603505,5.25174073013477,3.097827523938638,,90,,,,,320681595c2ef1da3293021b6e46da6b90da5472bd5c299f1b0e88d21a1ad658
libero_spatial,7,47,2026082500,fixed_0250,lerobot_weighted_average,True,141,0.08356921002268791,0.11828377322526648,5.2238893650937825,4.5979580635493384,,249,,,,,de8c428da440a5b518d30cffbaf12f065b238eec5d09d7031a508540626140fe
libero_spatial,7,48,2026082501,fixed_0250,lerobot_weighted_average,False,300,0.12837346957530826,0.1635490576038137,5.211019903188571,3.511701457568282,,452,,,,,5016af0220595a13d997bb7c7962d242cd5c5b6b01af7433e340f944710fdb28
libero_spatial,7,49,2026082502,fixed_0250,lerobot_weighted_average,True,131,0.09026841912418604,0.13376098447479307,5.218446023995057,3.767570476406999,,200,,,,,d12cf807c59fb6950ed4b382cd573aadcdf33534c968bb212ea7bcc128f22642
libero_spatial,7,47,2026082500,fixed_0950,lerobot_weighted_average,True,182,0.08396945893764496,0.1269996279384941,5.270851946203038,8.554876824966254,,1132,,,,,a3ec5863136b783482a36eacb5c1fe69f72433c8b414317c271bcc45800e35b2
libero_spatial,7,48,2026082501,fixed_0950,lerobot_weighted_average,True,177,0.08611743792425841,0.1307193964254111,5.290414253016934,8.315693544758489,,995,,,,,5a8deb3992dd845de6cc78995b68f05636d279ab7cebe5285f3afa53e545959b
libero_spatial,7,49,2026082502,fixed_0950,lerobot_weighted_average,True,165,0.08440114860422909,0.09648011678364127,5.284259648993611,8.69829615713913,,1095,,,,,9d6581c37be2ba43bae98eca1fc27bfcda0bc9e2f4856040e8961d93af6474e8
libero_spatial,7,47,2026082500,jitter_0600_pm0400_v2,lerobot_weighted_average,True,127,0.08377206115983427,0.14402549676597115,5.251157857943326,7.386158154915705,,767,,,,,861cedc4f119fb9c537c7d0ccfd79c2521f1394ce901b0e72c408fc375989fc3
libero_spatial,7,48,2026082501,jitter_0600_pm0400_v2,lerobot_weighted_average,False,300,0.08927651343401521,0.14021740262396631,5.219978233100846,8.317280565391941,,2180,,,,,da22d9efa62a72f2e8528a24524ffaf1ab3f18b3e4134078480c93c958545aef
libero_spatial,7,49,2026082502,jitter_0600_pm0400_v2,lerobot_weighted_average,True,132,0.08662843657657504,0.12349744889652356,5.242509288946167,7.417148251992292,,869,,,,,abc70c6f2d351072549c2eaea677a02cf2dcba5c7fbee6a006e3a1817a9f4c90
libero_spatial,7,47,2026082500,burst_0250_to2000_v2,lerobot_weighted_average,True,178,0.08402157598175108,0.13182617911370467,5.276494667865336,5.302161139818227,,423,,,,,d0b8f074815d5f36b5a675636c2ab3d9df779a50208014acbdf5013c673a5482
libero_spatial,7,48,2026082501,burst_0250_to2000_v2,lerobot_weighted_average,False,300,0.11802382906898856,0.14979144954122603,5.260552593972534,4.351256553799108,,538,,,,,4e4022b1273547114f318f48a424486e55b86a67b59ac3227a52cd969c7cb75a
libero_spatial,7,49,2026082502,burst_0250_to2000_v2,lerobot_weighted_average,True,223,0.10064438404515386,0.1455432567861862,5.247630966128781,4.039976042676383,,275,,,,,9e65bb0688b0b705489b74e481768ee3cc93eb2fea88487924b8694ba50d4839
libero_spatial,7,47,2026082500,fixed_0000,lerobot_latest_only,True,129,0.08411267353221774,0.13138158748624845,5.771221207920462,3.3553397423408806,,74,,,,,76774d4358c67acfe1bdf274efc57d713fef55d93295a656fc0a77b1badb8c3f
libero_spatial,7,48,2026082501,fixed_0000,lerobot_latest_only,True,128,0.13045666902326047,0.1747018019668758,5.224535301094875,3.0487869316247096,,82,,,,,e6d75b3c2236810cf8421aca253e0b1b0efe2cfc5d58350f20c084db9420ebe2
libero_spatial,7,49,2026082502,fixed_0000,lerobot_latest_only,True,137,0.11908299347851425,0.16255493568023666,5.293316369177774,3.1697926550855806,,85,,,,,723ba396ee85c2d4abd1509d4e6c3717f9b23370745ef9930c921ab8ffacd0fb
libero_spatial,7,47,2026082500,fixed_0250,lerobot_latest_only,True,123,0.08500965381972492,0.17446667328476903,5.381529308157042,3.836679490801881,,197,,,,,aa0ddb4d209a1351d9d7955765c194088aea1f222265d9758e35e9fd4f2d702b
libero_spatial,7,48,2026082501,fixed_0250,lerobot_latest_only,True,127,0.10101537290029228,0.13450580969220027,5.29455133783631,3.879564165495271,,207,,,,,28f5a825bc5d7ea634adeab82db9abf33849692085734d2974eeedd46ea09f05
libero_spatial,7,49,2026082502,fixed_0250,lerobot_latest_only,True,134,0.12038501666393131,0.17482921970076856,5.298503365833312,3.6685547149753774,,200,,,,,36c190087df4db8a66898d626b1ed6c93614b3fd0b16a4ecf86650b33c4b79c0
libero_spatial,7,47,2026082500,fixed_0950,lerobot_latest_only,True,161,0.08374772383831441,0.09036740320734679,5.291887023951858,8.783070150210959,,1007,,,,,2c582de22af3c5f755d93f97d71163165abc4b97f9bd2bb802a684e087f3b6a5
libero_spatial,7,48,2026082501,fixed_0950,lerobot_latest_only,True,181,0.0863025700673461,0.14476793841458854,5.224706442095339,7.119107956992932,,836,,,,,affbf9631c7f2629b16e9f769f355a2508edc361e01214b988f75935a299fe95
libero_spatial,7,49,2026082502,fixed_0950,lerobot_latest_only,True,170,0.08987975097261369,0.14287029861006886,5.298606697004288,7.575977084215218,,936,,,,,df5f116200964328e1ea3745113ec2509e2ddcadf5ead1a45e77f51c8e71f578
libero_spatial,7,47,2026082500,jitter_0600_pm0400_v2,lerobot_latest_only,True,123,0.08541067107580602,0.13225158001296222,5.322891491930932,7.1383552021070775,,695,,,,,768ed497c3397e82590289f24af8d4dabd778b9d167486ffde4aa541ce5b3512
libero_spatial,7,48,2026082501,jitter_0600_pm0400_v2,lerobot_latest_only,True,125,0.0854816020000726,0.13602456231601537,5.275178628973663,7.574451885056029,,770,,,,,3d321cdb860d9a592337883b6a5c969ebbbc39e497af09f1407a94b1c44678ed
libero_spatial,7,49,2026082502,jitter_0600_pm0400_v2,lerobot_latest_only,True,130,0.08366236602887511,0.1440414649900049,5.24263074202463,7.47147509786542,,770,,,,,c871f0eb3cb83b65e3b91b5697e2444583f9a2d7e57bdd844d9d64f1dfe1e21c
libero_spatial,7,47,2026082500,burst_0250_to2000_v2,lerobot_latest_only,True,175,0.09070775005966425,0.15720025945920496,5.253036851063371,4.338076765941826,,217,,,,,d49f8928297670aa5f929b7e703f1cf783c4e09f41466985434f844562bf91f8
libero_spatial,7,48,2026082501,burst_0250_to2000_v2,lerobot_latest_only,True,174,0.11345212999731302,0.1257626787526533,5.234280097996816,4.368563894807749,,232,,,,,11af7f55ecb913748b3204c75f3b9dbc2512a46556cac678faf5c7bfb9be7d14
libero_spatial,7,49,2026082502,burst_0250_to2000_v2,lerobot_latest_only,True,190,0.08750586654059589,0.12199946151813491,5.2785933839622885,4.665558087086954,,510,,,,,024a30d4d40e95d79d3835ab701815a1c9ae7f4c6f9ed4cb4581cbc6854cceee
libero_spatial,7,47,2026082500,fixed_0000,actionstream_backend_aligned,True,182,0.08125896099954844,0.09539140930864953,6.101341903209686,10.684954746853839,4.0,180,0,0,0,0,bb362daffff090fdba87e3ee8ee3d1a703cc91feb3d782314119b7d90eb6709e
libero_spatial,7,48,2026082501,fixed_0000,actionstream_backend_aligned,True,179,0.08039963291957974,0.08810154341626909,5.372551204869524,10.801873962135993,4.0,175,0,0,0,0,21db28dd6ec70efac17145ad7f79c5ea454f28813736a457aeb329ddc2ba6266
libero_spatial,7,49,2026082502,fixed_0000,actionstream_backend_aligned,False,300,0.08495791652239859,0.10633403080282733,5.3782414209563285,10.2674183471892,4.0,294,0,0,0,0,a9ebdd9c82aa1e98f8967c32815e9a64d6cbd1f034ce1ee08de4d7e7b40f230a
libero_spatial,7,47,2026082500,fixed_0250,actionstream_backend_aligned,True,131,0.13756475690752268,0.26114746406674383,5.362634607125074,2.3507679537938344,18.0,128,0,0,0,0,6bab28d38e0f3dc0998d507a20e40daa479813348636d00f87941cbea02557b8
libero_spatial,7,48,2026082501,fixed_0250,actionstream_backend_aligned,True,134,0.12176673009525985,0.19260130859911426,5.367393736960366,2.4828756343035363,16.0,128,0,0,0,0,25b5fcda730fabd43aeb47f3a1236b0a4befe94c7f6d02583550e0e5d1045363
libero_spatial,7,49,2026082502,fixed_0250,actionstream_backend_aligned,True,139,0.15013237297534943,0.24364568074233825,5.383694495074451,2.3008460560490733,17.0,129,0,0,0,0,9b0ef1297ce74b8e5840aa18c97a70bcef314bd87a5af25cb9e0245f67e15d92
libero_spatial,7,47,2026082500,fixed_0950,actionstream_backend_aligned,True,168,0.17042873497121036,0.24208044297993184,5.4437722091097385,0.8619710126560153,29.599999999999994,164,87,0,0,0,5c0b47490828198196f27817cb0c8eaa4ab89e02cc3f80069d1635868b37949f
libero_spatial,7,48,2026082501,fixed_0950,actionstream_backend_aligned,True,150,0.16699752560816705,0.25070487810298797,5.412569713080302,0.8663760208813605,29.0,139,71,0,0,0,2014bde7007f4cacae4084838b246be6f764d346c449ce57e5c7ce2275eac41b
libero_spatial,7,49,2026082502,fixed_0950,actionstream_backend_aligned,True,150,0.16613997553940862,0.2826626577065326,5.388477602042258,0.8645472680548949,29.65,140,70,0,0,0,4f2f0cf14d3c518165a118fca3b053633e1bbda685c780728ab9f631c1f67a14
libero_spatial,7,47,2026082500,jitter_0600_pm0400_v2,actionstream_backend_aligned,True,132,0.15545851807110012,0.25858484923373903,5.3615269341971725,1.3036237431705353,29.0,119,11,0,0,0,6d71eabd7b982cb47e9829c21bb1d60a22fcf86b69855e2d84ada616b5c6ebd4
libero_spatial,7,48,2026082501,jitter_0600_pm0400_v2,actionstream_backend_aligned,True,134,0.14172837301157415,0.21696351340506226,5.380537787918001,1.2745046310176276,29.0,129,10,0,0,0,f180984e5390f0811ced1731a404af72a51279f474e20dfe687ad85fe723682a
libero_spatial,7,49,2026082502,jitter_0600_pm0400_v2,actionstream_backend_aligned,True,136,0.139351466903463,0.18663801497314125,5.430366700980812,1.2858162035878085,29.0,127,12,0,0,0,75544c226ece10c49d5c688ebad49f553b2ee19b90617ab41ba947bdb9e9a140
libero_spatial,7,47,2026082500,burst_0250_to2000_v2,actionstream_backend_aligned,True,148,0.1317590520484373,0.25991195446113124,5.441034253919497,1.6203833503381497,22.69999999999999,133,19,0,0,0,a706b6476210aa7ac5b49e8b54d5ba094d125ab57201e5c39ac23896218b48a6
libero_spatial,7,48,2026082501,burst_0250_to2000_v2,actionstream_backend_aligned,True,144,0.14005605084821582,0.22669406882487228,5.375434651039541,1.5866563710669621,22.799999999999997,126,17,0,0,0,708e420e044afb38eeeb1e3f4c7f5d4f0f35f12fcc5bb699b26cc4a78b9c6873
libero_spatial,7,49,2026082502,burst_0250_to2000_v2,actionstream_backend_aligned,True,147,0.151316026924178,0.273355300235562,5.353435250930488,1.5216379846207346,22.75,134,19,0,0,0,d14d5abd5d08c7020a87aecaf7afcec7c420d9a7b62b939db031b7bec124aa2f
libero_spatial,7,47,2026082500,fixed_0000,actionstream_backend_guarded,True,180,0.0799197560409084,0.08609055948909372,5.955236292909831,10.931279455765555,4.0,177,0,0,0,0,757d727808ea8ccd5d86c3321885dce8f77c68e6e7f77b56ac833ebacdd1d6e1
libero_spatial,7,48,2026082501,fixed_0000,actionstream_backend_guarded,True,180,0.08160576201044023,0.10069840952055514,5.437384214019403,10.678397402484386,4.0,178,0,0,0,0,e3ace31bf2f5438ef886ac35fb4712ef0ca4641387e8f65291069e4cf1273506
libero_spatial,7,49,2026082502,fixed_0000,actionstream_backend_guarded,False,300,0.08547656703740358,0.11065615124534815,5.383654488017783,10.188866535105582,4.0,295,0,0,0,0,fec2788892021cec0123bc39d82b181e04cc4e964ba75aa682e81b6a711ed184
libero_spatial,7,47,2026082500,fixed_0250,actionstream_backend_guarded,True,133,0.15129900397732854,0.24429773781448597,5.384110769955441,2.3031696584928656,18.0,131,0,0,0,0,79d00bac78e8abe3d114b75f1ee7f4b639f5cb25002ccdca0c2c4a63d21c5f85
libero_spatial,7,48,2026082501,fixed_0250,actionstream_backend_guarded,True,132,0.1500467580044642,0.26014384161680937,5.371419406030327,2.2857736459554268,18.0,123,0,0,0,0,7c881e5f4a3925322b9a077afb822bae544dff303efb0d609f87fba015001a1d
libero_spatial,7,49,2026082502,fixed_0250,actionstream_backend_guarded,True,139,0.16200363798998296,0.23362911124713712,5.355703472858295,2.260270421400491,18.0,132,0,0,0,0,94d02daf93a9b5d545079191183986450758be68610578e7e1301cd89aa9a815
libero_spatial,7,47,2026082500,fixed_0950,actionstream_backend_guarded,False,300,0.16246060305275023,0.24865675123874084,5.365900292992592,0.8763401044470375,30.0,298,162,0,0,0,6fba5fa6d4bd3595f087a257f2f3933539bd46462af20f1ae888de00a746e53c
libero_spatial,7,48,2026082501,fixed_0950,actionstream_backend_guarded,True,161,0.1345261160749942,0.2282905206084251,5.4257024130783975,0.8950647924510793,29.0,154,71,0,0,0,720d4111ebb4b4f61071c84d6cb56109dbfd2080b5b784fe555b22ca12732073
libero_spatial,7,49,2026082502,fixed_0950,actionstream_backend_guarded,True,168,0.15596869494765997,0.2522456337697804,5.46044230600819,0.8714296093892184,29.0,161,82,0,0,0,b7bb98483b56d09d4e5ccc9f17650fc46b50e913824079d14f8f6a258381201f
libero_spatial,7,47,2026082500,jitter_0600_pm0400_v2,actionstream_backend_guarded,True,131,0.15374085551593453,0.2696748312213457,5.418618242023513,1.2980887834058485,28.349999999999994,119,12,0,0,0,9686013008063eca048dedbc3725bbc23afb8cdf8670c9091b35feaa4d11a22e
libero_spatial,7,48,2026082501,jitter_0600_pm0400_v2,actionstream_backend_guarded,True,135,0.14667224721051753,0.25224289402831346,5.381549071986228,1.2560080864169354,29.0,131,11,0,0,0,3d27cc946cf092dc9dd294b3b25bce81ab6762ea1e292d788396cc1c059c8e6c
libero_spatial,7,49,2026082502,jitter_0600_pm0400_v2,actionstream_backend_guarded,True,136,0.13885633600875735,0.24252237053588033,5.348907848121598,1.2807874307401776,28.049999999999997,129,11,0,0,0,4f31eee95a16dddf3a565b776dac33c18e059fb9d52de1dc89e670fcb49d93d0
libero_spatial,7,47,2026082500,burst_0250_to2000_v2,actionstream_backend_guarded,False,300,0.16009550192393363,0.25453174104914067,5.371088051935658,1.6553725613437402,42.39999999999998,216,23,0,0,2,9a508f475d87ed4e19914a1a67ec18893f17339c6132547d7c857780b533cd12
libero_spatial,7,48,2026082501,burst_0250_to2000_v2,actionstream_backend_guarded,False,300,0.15781688794959337,0.19422580174868925,5.446847623912618,1.573774129927992,39.0,220,22,0,0,2,c3335779ea9d75c98a71473c67acbc79a90fbc74f417e89e18289fd34ed1d64a
libero_spatial,7,49,2026082502,burst_0250_to2000_v2,actionstream_backend_guarded,False,300,0.14717364497482777,0.2580648385803215,5.4703462740872055,1.5792468396577728,40.0,214,21,0,0,2,9c4e9e58ba2722ab611d942dd88f3aafbb4ef7bb69656d6dfb9df9535e852a62
libero_goal,2,47,2026082510,fixed_0000,sync_hold,True,84,0.10437754890881479,0.11267419178038836,5.568373813992366,0.6666728868557109,,0,,,,,1ea25d6b0474ee93f76f2eb4630c942e3f1d91b118e76ad32a79fbb910936d7c
libero_goal,2,48,2026082511,fixed_0000,sync_hold,True,86,0.1067437210585922,0.11585652262438088,0.07479304610751569,0.6503195521243152,,0,,,,,0064464f0efa2f8b8de66bfa7f83beb64e0f6d0db15b9b2073205c17c33712ce
libero_goal,2,49,2026082512,fixed_0000,sync_hold,True,93,0.09343968261964619,0.10611319359159097,0.07400263915769756,0.7969421278072039,,0,,,,,e772db6dbef7e462e177d29d763f6156bc3dafc1fa1b3100d7f945bea11ed49b
libero_goal,2,47,2026082510,fixed_0250,sync_hold,True,84,0.10017367894761264,0.10742623717524111,0.07582487794570625,0.5723617875004913,,0,,,,,ca4f1c0e0fde6abb81c3cfe9490d1dff524ad645f8d4a1fdfa1fc40f77efc825
libero_goal,2,48,2026082511,fixed_0250,sync_hold,True,86,0.10468316311016679,0.11159087370615453,0.07477063313126564,0.5606406158873831,,0,,,,,953f8aeb2a26cb1ebd09a93ab3617475fee431477726c38ab7225dcd7d4e7439
libero_goal,2,49,2026082512,fixed_0250,sync_hold,True,93,0.09362451056949794,0.11238923298660665,0.0740705409552902,0.6618719550268911,,0,,,,,9c480a73b3c14cca889333f994434e2c109d620217cc409edfe787cdf382e0f9
libero_goal,2,47,2026082510,fixed_0950,sync_hold,True,84,0.09807024896144867,0.10868330118246376,0.07511622412130237,0.4087100981289862,,0,,,,,161c5b41b30d8a71ac641713aba2c5aba7a9129948a3048587ea52f0c0bff1c9
libero_goal,2,48,2026082511,fixed_0950,sync_hold,True,86,0.10229071602225304,0.11257835594005883,0.07412431901320815,0.4024705173977903,,0,,,,,a101703990bca1640f9afc121076cb96c82a724495c6e0e6c49466ee1dcb1667
libero_goal,2,49,2026082512,fixed_0950,sync_hold,True,93,0.09594375954475254,0.1019109730841592,0.08048370108008385,0.4517802400921075,,0,,,,,54f1085fa293556a4b64aaedf3659892e8ccd3b2f42adb773f8d1a27c66498f4
libero_goal,2,47,2026082510,jitter_0600_pm0400_v2,sync_hold,True,84,0.10517954407259822,0.10731998793780803,0.07418228196911514,0.46308643516800074,,0,,,,,1874d96bc8bd0e2d8ee2109af7ad628c9c957f3c77c52ec02ed4122f4204a163
libero_goal,2,48,2026082511,jitter_0600_pm0400_v2,sync_hold,True,86,0.1073639600072056,0.11486183390952646,0.07370893494226038,0.45507970667463665,,0,,,,,bac22c7a8c71d04d4d153258d5ffd9977bc9a70b0d545634198b39b6cbd1f1b6
libero_goal,2,49,2026082512,jitter_0600_pm0400_v2,sync_hold,True,93,0.10031508898828179,0.11241630747681483,0.07380699412897229,0.5194686178496772,,0,,,,,fe6ceb98dcd2e4b8fd7d5913e9ebc9b144789e12d66eb55b4aa32f3bb45f1213
libero_goal,2,47,2026082510,burst_0250_to2000_v2,sync_hold,True,84,0.1031493570189923,0.10712273807730525,0.07415348989889026,0.4404249775980992,,0,,,,,f38de2b165c4a880f55ca299e3a3b5e5a3fe1fcac41553f189d8c1c1d4338d5e
libero_goal,2,48,2026082511,burst_0250_to2000_v2,sync_hold,True,86,0.10581337101757526,0.11409350698813796,0.07475441903807223,0.43316939415289135,,0,,,,,f4cbc27b4ded3a6b3ad053c3b83454b3eb12327376b0e2cbd80e80b9a48502d4
libero_goal,2,49,2026082512,burst_0250_to2000_v2,sync_hold,True,93,0.09930792648810893,0.11226283240830526,0.07533970498479903,0.5307199528113736,,0,,,,,bd6fb7a0bfcf90d368d19739463d57a7af95661a2638f815043faa87ac7251b6
libero_goal,2,47,2026082510,fixed_0000,lerobot_weighted_average,True,89,0.12898686388507485,0.18390223751775914,5.865568734006956,2.857710318642091,,55,,,,,a3974f71d1753d9f4e0f1c9cc980f1c344ad000bc012f28570ff76be5f89a0e8
libero_goal,2,48,2026082511,fixed_0000,lerobot_weighted_average,True,87,0.13024005480110645,0.1611359075177461,5.239343910012394,2.925188562002067,,52,,,,,8548d48237cd30ced32f6b54bed9ca167855954a06efb32c379d13ee31ec8cb9
libero_goal,2,49,2026082512,fixed_0000,lerobot_weighted_average,True,101,0.08905755844898522,0.1555499589885585,5.304708395851776,3.1203748687260116,,54,,,,,3d3662fdba33b7d6b49b1d98b9539c4866cc0090a4681a7a24938bd6316a0c41
libero_goal,2,47,2026082510,fixed_0250,lerobot_weighted_average,True,86,0.09755114244762808,0.1272480592597276,5.235085550928488,3.643568338818525,,124,,,,,6ba7192ff6fa8691e3bc05e676f8911a7a5da09b51a5ed3c798a55520eda38d0
libero_goal,2,48,2026082511,fixed_0250,lerobot_weighted_average,True,87,0.12274563254322857,0.21029491571243852,5.314582641003653,3.4201357018978866,,137,,,,,d1ec73c64ae9a77b4cdb617336a1bf3b3da24f297f662f52ffeb1eaa67afe039
libero_goal,2,49,2026082512,fixed_0250,lerobot_weighted_average,True,98,0.11648373282514513,0.16740076122805475,5.2714327848516405,3.6332745310528156,,142,,,,,50584e617e211ebde279036cc09efef8a91a04057c618fd834ec04bc34235f20
libero_goal,2,47,2026082510,fixed_0950,lerobot_weighted_average,True,105,0.08447522600181401,0.08926518505904824,5.265571361174807,7.900700302506697,,600,,,,,0441edf5b0d542ccc7d4cd682eb4aef5e66b177583cc7e4b953a0c4de8107173
libero_goal,2,48,2026082511,fixed_0950,lerobot_weighted_average,True,106,0.08439076598733664,0.1291944536846131,5.233898638980463,7.354964844816279,,548,,,,,926acc1c7bf329d71af58630ed42338646556b0dd6a2ea006578cae32c5ecb2d
libero_goal,2,49,2026082512,fixed_0950,lerobot_weighted_average,True,131,0.08507833152543753,0.13744123434880748,5.2563760140910745,7.336995270096803,,660,,,,,9c135115dd8e6ef3ece5b14780fea593a19a3559b3280430dc374b1bffc49ec3
libero_goal,2,47,2026082510,jitter_0600_pm0400_v2,lerobot_weighted_average,True,104,0.09085237700492144,0.15505551403621204,5.252616441110149,4.686567613490005,,260,,,,,de7fce64cfa32c4662c4eda09a8f3325342c45724a0fcc91c62aec2ac1db7251
libero_goal,2,48,2026082511,jitter_0600_pm0400_v2,lerobot_weighted_average,True,101,0.08747780998237431,0.14360073395073414,5.274126044008881,4.6765966605040585,,233,,,,,2c091a3d8704cb02fb61775eebd113c3ca4a14e8d52cb3b2dadfdfc77e962c86
libero_goal,2,49,2026082512,jitter_0600_pm0400_v2,lerobot_weighted_average,True,117,0.09065246803220361,0.154706476686988,5.215196528937668,4.406865985096003,,212,,,,,bd0de57db98c9a640abbe69b7df76f710677f660c02ee44e9e8e4bc80553ca81
libero_goal,2,47,2026082510,burst_0250_to2000_v2,lerobot_weighted_average,True,142,0.08505912800319493,0.18191124667646363,5.234774817014113,5.817711220123153,,422,,,,,29072ae11b7deec08cc7f0c823a84393516a2e2ae6cb98dafe090cdff018f96a
libero_goal,2,48,2026082511,burst_0250_to2000_v2,lerobot_weighted_average,True,146,0.0889762444421649,0.14200217387406155,5.287421854911372,6.445262769095297,,433,,,,,c5232739bb926ddeb03786ff3f8b6aa050621a056ec3b85a24a7900362bb0501
libero_goal,2,49,2026082512,burst_0250_to2000_v2,lerobot_weighted_average,False,300,0.09479786141309887,0.15950819598510863,5.241914512123913,5.488716539485385,,727,,,,,bf7427c6ffb674afdd1e578fcf87c6e1d08ee039b6f41fdc9585bcf2e5c4652f
libero_goal,2,47,2026082510,fixed_0000,lerobot_latest_only,True,92,0.14167685201391578,0.20389020061120391,5.873639983823523,2.7521212892966846,,60,,,,,57da6da5a0fa3e7ae930287811498d991821e0560b1e0177ae955e795b2a4133
libero_goal,2,48,2026082511,fixed_0000,lerobot_latest_only,True,87,0.14698639698326588,0.25402532494626934,5.279617255087942,2.9230942092743275,,60,,,,,755c696251bb3b21d23b34e05fb07e48be28f9c039236924b0ed97066dcab4dd
libero_goal,2,49,2026082512,fixed_0000,lerobot_latest_only,True,101,0.11718134756665677,0.13850177213316783,5.271095615113154,3.1084364723069524,,57,,,,,5eec879775a5dfc7e36352eb9622e3680054f8085a7f22c38577112eee997ebf
libero_goal,2,47,2026082510,fixed_0250,lerobot_latest_only,True,86,0.0915645930217579,0.12767643202096224,5.303569169016555,3.5943984029445897,,123,,,,,ed7a0f4c989b1e6b398a5ff92bec17d26253233858344f6d4ca46a5749de21f4
libero_goal,2,48,2026082511,fixed_0250,lerobot_latest_only,True,87,0.11711818899493665,0.20726014190586284,5.291106440126896,3.413881938847715,,134,,,,,3b4284daaf5a1bc87cbab481d0ef5c3f440ed901673ac5c96a2f3c293ef09b92
libero_goal,2,49,2026082512,fixed_0250,lerobot_latest_only,True,100,0.10863030306063592,0.14342575221089646,5.268269829917699,3.5512619328642114,,141,,,,,bb345b9ee516880b51000b3feb1406a9df36b886233f147eecf3dfe3ba8f3a89
libero_goal,2,47,2026082510,fixed_0950,lerobot_latest_only,True,108,0.08611234091222286,0.1256753022549674,5.266849804902449,7.385924447603432,,564,,,,,2b19e2c999fc9909bb05d5a8a8aab4e5678a0f060ab9cc6b6ffc2d7d91913351
libero_goal,2,48,2026082511,fixed_0950,lerobot_latest_only,True,107,0.08679845044389367,0.12149681820301339,5.256259788991883,7.020238483969049,,524,,,,,2f5cddaf2842b3a79c6ce12d2cb5c32a5203b29932024ce8ce15ba5e9d03cd89
libero_goal,2,49,2026082512,fixed_0950,lerobot_latest_only,True,132,0.08477332897018641,0.14801235697232187,5.24199398397468,7.824400140430343,,688,,,,,60edd095dc171e89dd1b7c29465c0b0609ed571decd5c7701c864a91606b5308
libero_goal,2,47,2026082510,jitter_0600_pm0400_v2,lerobot_latest_only,True,104,0.08613114792387933,0.13433805040549485,5.241212325869128,4.707626499287605,,252,,,,,9af7ff786d723972fd707203c2febf3b825165b7c7d106da6fd227ec500ff219
libero_goal,2,48,2026082511,jitter_0600_pm0400_v2,lerobot_latest_only,True,105,0.08811896503902972,0.12673195153474806,5.269959236960858,4.858124384673424,,315,,,,,225091c8bc93ce19e182ff7310eb054f95890bcab182c674a49a3dc51a324fde
libero_goal,2,49,2026082512,jitter_0600_pm0400_v2,lerobot_latest_only,True,123,0.0888656449969858,0.14243650313001127,5.2598304690327495,4.640103626623287,,361,,,,,042fbf948a247eb3d409501b3b0782a4ac694d25de3b2b36737ed2fc6469be9a
libero_goal,2,47,2026082510,burst_0250_to2000_v2,lerobot_latest_only,True,144,0.0869308109395206,0.1492020376608707,5.25045317504555,6.5059267588623655,,469,,,,,920d0a69002b89836123de020f7e6f8d1137781d65670f335f939612f3356334
libero_goal,2,48,2026082511,burst_0250_to2000_v2,lerobot_latest_only,True,157,0.08579240192193538,0.13968644613632927,5.259106785058975,6.051342215505614,,637,,,,,426b69083bfb6b3cca8e4680a98107f635d35a692bf04427c3a0ca0bdd7ef98a
libero_goal,2,49,2026082512,burst_0250_to2000_v2,lerobot_latest_only,False,300,0.10678343556355685,0.1505350244930014,5.268921539885923,5.24091199241614,,622,,,,,728c9ad2bad75580bcb6767d12aa64fff989842f3ce807256219acd926b3d76b
libero_goal,2,47,2026082510,fixed_0000,actionstream_backend_aligned,True,138,0.08209315035492182,0.11880328323459248,5.907759889960289,10.468445057730984,5.0,135,0,0,0,0,e6e26c9057970acf55808747384a9f4fabe1927682d53405362039adea0da86f
libero_goal,2,48,2026082511,fixed_0000,actionstream_backend_aligned,True,119,0.08257368812337518,0.1176926665008068,5.429589120903984,10.335734851613068,4.0,115,0,0,0,0,5f0a7a06b2e063f64afc7b43b268380ee48a5d2a6383164e68fa7280b62ae03c
libero_goal,2,49,2026082512,fixed_0000,actionstream_backend_aligned,True,132,0.08337416616268456,0.12671974960248916,5.382614359026775,9.932076303242784,5.449999999999989,129,0,0,0,0,a8fa97490655cc7c023cf84ebca50906ad0175cb938ae37966d90c2fd152cb15
libero_goal,2,47,2026082510,fixed_0250,actionstream_backend_aligned,True,92,0.1421332445461303,0.2494726254954002,5.399617135990411,2.325512814366436,16.450000000000003,86,0,0,0,0,96acd88333ea1241bcb731e5e484700140371457be16d9eaafe070a9d500b2a3
libero_goal,2,48,2026082511,fixed_0250,actionstream_backend_aligned,True,89,0.149555794429034,0.23067563083022827,5.358694246970117,2.355831515201832,16.0,85,0,0,0,0,db940363c028eedb712ee55dccc12245796ece750e53c780b03f6629f6935faa
libero_goal,2,49,2026082512,fixed_0250,actionstream_backend_aligned,True,102,0.13999375805724412,0.17743901112116872,5.3893765839748085,2.431005489558527,16.0,98,0,0,0,0,859447b275ef00195cc83c95f5148e9beeb0b6be47f8a52f4528c902851c5802
libero_goal,2,47,2026082510,fixed_0950,actionstream_backend_aligned,False,300,0.15985486598219723,0.2653836767072789,5.449205323122442,0.8719488976831291,29.549999999999997,277,166,0,0,0,1832b05bf5136f07d12446195ef26e744b9fafe11a6e6aaacc8d8791afeb37e2
libero_goal,2,48,2026082511,fixed_0950,actionstream_backend_aligned,False,300,0.15282949386164546,0.22107994037214665,5.358692787121981,0.8809006168687026,29.0,296,163,0,0,0,03ca052295ce45daf7dec07c9a502a6769084234d6b3675ce1450a974c1ffd94
libero_goal,2,49,2026082512,fixed_0950,actionstream_backend_aligned,True,116,0.10622365004383028,0.1701447348576039,5.3945266308728606,0.9200909649673239,29.0,108,44,0,0,0,fd37453aca64326c44b90c37449d5ca6288534ac66d73b239c17f3a3c74cc20e
libero_goal,2,47,2026082510,jitter_0600_pm0400_v2,actionstream_backend_aligned,True,86,0.15717021888121963,0.26459577733185136,5.362577849067748,1.23468068813318,29.0,83,2,0,0,0,33aa7434f4aad7f81e1cc5b6cecf6cfc3e3dade530eaa20cf8b590b8e83b7af4
libero_goal,2,48,2026082511,jitter_0600_pm0400_v2,actionstream_backend_aligned,True,89,0.17097383900545537,0.25322663327679035,5.39876724104397,1.232066112100418,29.0,83,4,0,0,0,d1a00d6727bfbf3a13ba6ead067894fa50192e71042a20000b227bf6a8463785
libero_goal,2,49,2026082512,jitter_0600_pm0400_v2,actionstream_backend_aligned,True,96,0.17930034850724041,0.2352378921583295,5.401479420950636,1.2406831335922914,29.0,94,4,0,0,0,bdd9914088c83f80b6f47f5d6301af201d6fedd49644fa88bd3349c918d03289
libero_goal,2,47,2026082510,burst_0250_to2000_v2,actionstream_backend_aligned,False,300,0.1654571460094303,0.22416237452998752,5.412748985923827,1.4125898506074492,26.0,240,67,0,0,0,48bf40fa4d0a650684bdae2c6178021774b791fb4643086479c3e0c50863ba00
libero_goal,2,48,2026082511,burst_0250_to2000_v2,actionstream_backend_aligned,False,300,0.1662019519135356,0.23027125590015202,5.428064899053425,1.362982983517773,26.0,247,73,0,0,0,3b48b6ced753bdc23663960dd2f5453ce84a4a671530c00d64a10f3f75821397
libero_goal,2,49,2026082512,burst_0250_to2000_v2,actionstream_backend_aligned,True,148,0.1610465319827199,0.2675262794713489,5.347335225902498,1.2527301903401509,27.450000000000003,111,52,0,0,0,cb9af4d938ba95365ce56b10221e2225aa7f5f431980555c8e47182387948c96
libero_goal,2,47,2026082510,fixed_0000,actionstream_backend_guarded,True,127,0.08442981098778546,0.14895232990384094,5.952537989942357,9.907936626792937,6.0,125,0,0,0,0,143145c54216bf8f3d56ba8c3020dbcaa8c47b43d1e5cd7139a47aa225ebdd81
libero_goal,2,48,2026082511,fixed_0000,actionstream_backend_guarded,True,115,0.08512044744566083,0.1315747054177336,5.49455666099675,9.775629951762097,5.0,112,0,0,0,0,56ac370e019b91d861528cec4f5c83d0d5757cc12cda2982b3bc2fa54510d3bc
libero_goal,2,49,2026082512,fixed_0000,actionstream_backend_guarded,True,132,0.08504399401135743,0.1254555901978165,5.401954421075061,9.869361404668537,5.0,129,0,0,0,0,1163fd9684c96fc5e2e44d40e11b76302214ef08e38a284fe51b791d57655643
libero_goal,2,47,2026082510,fixed_0250,actionstream_backend_guarded,True,93,0.1509458514628932,0.23499116263119496,5.401287528919056,2.283369259400732,17.0,87,0,0,0,0,f5a6c92cc3a49763b01312b2a6c1570ffecf2656f7298778dccac50ba68f837a
libero_goal,2,48,2026082511,fixed_0250,actionstream_backend_guarded,True,91,0.17415159801021218,0.2220519165159203,5.4257425491232425,2.2706317178846773,17.0,88,0,0,0,0,35aa14fc313fdab8525c8700ff7a9731c889907d40e7957f3402798edaffdd41
libero_goal,2,49,2026082512,fixed_0250,actionstream_backend_guarded,True,101,0.1658955819439143,0.2922020296566188,5.371766290860251,2.2052689500088496,18.0,92,0,0,0,0,cffd1a5fd84026282f064fc96f6379c68bc4e00e92bda85091cfc578325db295
libero_goal,2,47,2026082510,fixed_0950,actionstream_backend_guarded,False,300,0.15343508985824883,0.21481712537351985,5.37123869988136,0.8827385611539573,29.0,294,157,0,0,0,ea551a4cd577532a5d197f3682069455c31fa2ebfb3d299eab79fa8db19b6840
libero_goal,2,48,2026082511,fixed_0950,actionstream_backend_guarded,False,300,0.1614734309259802,0.2443085365230217,5.382783557986841,0.877998195372522,29.0,297,163,0,0,0,71eab8244c05539e5ea8be75c401480e2403a5d5dd7f601e42913c63f22bdbb5
libero_goal,2,49,2026082512,fixed_0950,actionstream_backend_guarded,False,300,0.16328629315830767,0.24891995934303843,5.377385592088103,0.875860109758899,29.0,297,162,0,0,0,358859d954768fc463f16ac889d994d960e1dbfc73a728b8eb60c63a7f1c05ba
libero_goal,2,47,2026082510,jitter_0600_pm0400_v2,actionstream_backend_guarded,True,90,0.1452744328416884,0.25851442199200386,5.415209738072008,1.2544417958070835,28.89999999999999,81,2,0,0,0,8696f8a4f1c910a3a7b21561626735b35003c0e1eb31029ad72df8f4846059f2
libero_goal,2,48,2026082511,jitter_0600_pm0400_v2,actionstream_backend_guarded,True,88,0.15160538395866752,0.22965801244135942,5.36989251896739,1.2624115852611928,28.89999999999999,79,1,0,0,0,e4a23024e696e79bfe32e354ec785a26a27a9042308eb206b5116f69de8c4671
libero_goal,2,49,2026082512,jitter_0600_pm0400_v2,actionstream_backend_guarded,True,97,0.14957097289152443,0.24343403870007016,5.360295698978007,1.268121937827628,28.0,91,1,0,0,0,b424626fda45a98672863a624194553ec7269179720b57e811a49b7a46d0b1ea
libero_goal,2,47,2026082510,burst_0250_to2000_v2,actionstream_backend_guarded,True,153,0.15452181012369692,0.2236512639792636,5.361683902097866,1.3413560502295696,49.25,58,33,0,0,2,a1c76f3db34143aa761ba09937bdf11959cd0abab3f3867a003f2becca6a0f4e
libero_goal,2,48,2026082511,burst_0250_to2000_v2,actionstream_backend_guarded,False,300,0.15497752302326262,0.2566850550938397,5.366893423954025,1.365314332220206,47.0,158,50,0,0,3,fb806fb1d45dbf29891776704e5389c6c31c5387067960c190e6642ee410583a
libero_goal,2,49,2026082512,burst_0250_to2000_v2,actionstream_backend_guarded,False,300,0.14850712195038795,0.23752667021471996,5.454538999823853,1.3928333651537235,45.69999999999999,150,47,0,0,3,b5a8e91d16728c02f9683e40fd4213c7cb44003bad718eefc6bf8f477364512a
